CodigoInternoPuntoCarga,LatitudPuntoCarga,LongitudPuntoCarga
03,41.1996,1.2194
143,41.1586,1.1764
40,41.1019,1.2257
16,41.1644,1.159
30021,38.7153,-0.6595
C143205,41.1586,1.1764
02,38.6858,-4.1124
C29205,41.1019,1.2257
09,41.1145,1.1816
C29205,41.1051,1.2464
09,41.1215,1.1809
10374,41.212,1.162
C115205,41.1535,1.2126
C40205,41.1019,1.2257
C115205,41.165,1.1718
115,41.1535,1.2126
37,41.2063,1.2426
12510B,41.215,1.1516
110,41.6571,1.8568
16,41.1649,1.1709
02,38.6835,-4.0875
115,41.1649,1.1709
34,41.1099,1.192
34,41.115,1.1741
12891MOL,41.5542,2.232
12122,40.4236,0.4309
12347TB,41.1139,1.1826
11103,41.1089,1.1458
34,41.1144,1.1805
11103A,41.2854,1.2495
40,41.1046,1.2351
30115,37.6764,-1.7077
NL05,51.8914,4.2828
1.2347E12,41.4443,1.9878
C40205,41.1066,1.2405
C29205,41.1066,1.2405
24800616-RUTA2-20,51.3737,4.2633
24800615-RUTA2-20,51.3737,4.2633
24800632-RUTA2-20,51.3737,4.2633
24800617-RUTA2-20,51.3737,4.2633
24801606-RUTA2-20,49.4764,8.4305
24804363-RUTA2-20,45.6368,8.8342
10374,41.2108,1.187
DE06,49.5417,8.4119
12347TB,41.1146,1.1765
BE09,51.3704,4.2893
49216,43.2752,-1.7122
100001432,38.6779,-9.197
1016,38.666,-4.0485
1000,38.6768,-4.0611
1802,37.9786,-1.1339
2250,37.9835,-8.8324
24814629-RUTA2-20,41.4667,2.0005
1848,37.5737,-0.9319
100579546,37.7494,-3.9175
100541725,49.4916,0.2153
120838,48.892,2.1779
1434,42.5975,-8.783
100572692,38.6473,-8.2123
09,41.1079,1.194
1000,38.678,-4.0738
100001407,36.1813,-5.4357
100001403,43.5719,-5.9284
100534173,41.8381,12.6549
100001418,40.5282,-3.3923
100001000,38.678,-4.0738
1000,38.6884,-4.1079
29,41.1019,1.2257
24812927-RUTA2-20,49.5384,8.4106
1200,38.8258,-0.5554
24814140-RUTA2-20,41.4667,2.0005
1000,38.6813,-4.0553
100531820,41.7099,1.8496
100572706,39.6085,-0.3177
24815176-RUTA2-20,51.2838,4.38
24815177-RUTA2-20,51.2838,4.38
24814994-RUTA2-20,45.6368,8.8342
24813901-RUTA2-20,45.6368,8.8342
1200,38.8232,-0.5511
2250,7.8828,-76.6247
24815532-RUTA2-20,51.2838,4.38
100553993,38.8922,-9.1887
100572692,38.6538,-8.2651
100001430,38.9124,-8.8816
24815846-RUTA2-20,51.2838,4.38
09,37.9753,-1.2369
24818193-RUTA2-20,42.5233,2.8122
100544225,38.7261,-9.3335
100578636,37.1462,-7.841
100574500,40.3895,-3.4084
40,41.1089,1.2493
11401,38.0347,-1.1893
29,41.1066,1.2405
24815638-RUTA2-20,45.6368,8.8342
24815296-RUTA2-20,45.6368,8.8342
09,41.1146,1.1765
24816425-RUTA2-20,45.6368,8.8342
24815943-RUTA2-20,45.6368,8.8342
24815001-RUTA2-20,32.3794,-86.3152
24816426-RUTA2-20,45.6368,8.8342
100583030,37.0238,-5.0232
100517353,42.7189,-2.9842
1000,38.6873,-4.1097
100564645,43.3581,-3.0519
12328A,41.7815,1.8958
100001426,39.4781,-0.5693
100001410,43.2396,-2.8777
1806,43.3323,-3.111
1211,40.1722,-3.6667
100579285,43.2121,-2.8713
1015,37.5744,-0.93
1808,41.1046,1.2116
100585098,40.3332,-3.7064
100534390,40.0563,-6.2888
30068,38.3398,-0.5602
1803,41.1173,1.2546
100584511,36.969,-3.7308
100515815,43.3955,-4.0275
100580221,40.1929,-3.6892
100579543,37.3985,-6.9648
24815755-RUTA2-20,49.5384,8.4106
24816700-RUTA2-20,45.6368,8.8342
24817045-RUTA2-20,45.6368,8.8342
24816886-RUTA2-20,45.6368,8.8342
24817384-RUTA2-20,45.6368,8.8342
24814996-RUTA2-20,45.6368,8.8342
100583322,36.7747,-2.807
24819620-RUTA2-20,48.1443,11.7037
100500144,41.6821,-4.745
100569953,45.4213,10.1971
100581905,42.1292,3.0655
100001015,37.5744,-0.93
24821601-RUTA2-20,49.4764,8.4305
100542050,40.341,-3.8065
88665,41.2621,-8.4871
100563254,39.2673,-8.5545
100538101,39.8647,-4.0949
200101521,43.4852,-8.2445
1008,43.4202,-3.7712
100564366,41.7686,-0.8289
1218,38.984,-0.5511
100581850,37.7915,-1.357
C16205,41.1644,1.159
100524872,37.6838,-1.6997
38459,43.3253,-3.1131
100519366,38.1636,-1.1161
100548722,38.8928,1.3522
100569847,36.7744,-2.8141
36,41.935,0.1593
106,41.2094,1.1977
C74205,39.4471,-0.3348
16,41.1652,1.1713
1804,43.3486,-8.445
24817284-RUTA2-20,45.6368,8.8342
24818943-RUTA2-20,45.6368,8.8342
24818269-RUTA2-20,45.6368,8.8342
24818133-RUTA2-20,45.6368,8.8342
24818599-RUTA2-20,45.6368,8.8342
24818451-RUTA2-20,45.6368,8.8342
1801,38.6865,-4.1127
1200,38.8252,-0.5541
24819726-RUTA2-20,45.6368,8.8342
24818928-RUTA2-20,45.6368,8.8342
24819725-RUTA2-20,45.6368,8.8342
100579292,40.59,-3.2474
100578698,41.542,2.0396
100572406,43.1449,6.0389
100528920,38.3068,-0.6458
37,41.2065,1.2427
100001430,39.0586,-8.8906
100539164,38.7715,-9.309
100518224,35.8894,-5.3213
100570000,39.4318,-0.7859
1001,42.0091,-4.5378
100553581,39.6107,-0.3181
100515860,39.5578,-0.4934
24817285-RUTA2-20,45.6368,8.8342
03,41.404,1.0435
100567772,36.943,-2.4632
100553309,40.3968,-3.5811
100517353,42.7173,-2.9833
24817267-RUTA2-20,49.5384,8.4106
09,41.1344,1.1698
03,41.1849,1.21
100530359,42.6288,2.7648
100001214,40.6097,-7.7268
24818448-RUTA2-20,45.6368,8.8342
100541336,39.5252,-8.9115
36,41.9213,0.1672
100515803,43.5285,-8.0811
24819228-RUTA2-20,45.6368,8.8342
24820242-RUTA2-20,45.6368,8.8342
24819234-RUTA2-20,45.6368,8.8342
100500383,39.0714,-0.2634
100000004,37.5778,-0.9167
100001442,35.8964,-5.3269
100578287,36.9349,-2.4503
2250,37.9261,-8.7701
100537543,39.3404,-0.6145
100518672,38.1806,-0.8696
100533295,43.5433,-5.7232
1492,40.4604,-3.6471
100515896,37.9874,-0.6774
C16205,41.1653,1.1774
100582010,38.8464,-0.6478
24818449-RUTA2-20,45.6368,8.8342
24825412-RUTA2-20,49.5384,8.4106
100539226,42.6675,-1.665
100578295,38.3356,-0.4923
24820870-RUTA2-20,45.6368,8.8342
24822611-RUTA2-20,45.6368,8.8342
1001,42.0048,-4.5426
24823459-RUTA2-20,48.2262,16.3823
24824753-RUTA2-20,45.6368,8.8342
100001211,40.1722,-3.6667
100559805,38.8917,-6.6214
1214,40.6099,-7.7275
100570613,39.0572,-0.5493
100580975,37.2039,-3.652
100568430,37.7222,-3.9672
100583085,39.2661,-8.5535
100001448,36.1443,-5.3657
100540801,39.4586,-8.2518
100563295,41.6105,0.6707
100521616,37.6168,-0.8801
100559459,39.2483,-9.1144
100581394,37.8499,-0.7982
100580708,37.7705,-1.2179
100564918,41.9049,2.804
24824605-RUTA2-20,45.6368,8.8342
24824617-RUTA2-20,45.6368,8.8342
100579880,38.0479,-1.9616
24823963-RUTA2-20,45.6368,8.8342
24823135-RUTA2-20,45.6368,8.8342
24818450-RUTA2-20,45.6368,8.8342
1005,43.1239,-7.6322
100580018,39.3746,-0.4037
100575525,40.9278,-4.0725
100521564,39.4666,-0.4669
100571344,40.3689,-1.145
100520103,37.1939,-1.9157
100516276,43.1438,-2.9411
100546449,41.7667,-8.5948
24823604-RUTA2-20,45.6368,8.8342
24825992-RUTA2-20,45.6368,8.8342
24825881-RUTA2-20,45.6368,8.8342
24825983-RUTA2-20,45.6368,8.8342
100000004,37.5766,-0.9214
100000006,41.1849,1.21
100544701,37.4922,-4.5019
100552407,40.0458,-3.3623
C01205,40.3227,-3.8644
30112,39.5382,-0.3707
C110205,41.666,1.8561
100544598,39.0561,-9.0062
100524716,37.846,-0.8048
100544188,38.7076,-9.2774
C106205,41.2122,1.2047
C16205,41.1641,1.1711
24824627-RUTA2-20,45.6368,8.8342
24826315-RUTA2-20,45.6368,8.8342
100563376,41.4682,1.9561
100573428,38.1776,-1.0499
28,41.3587,1.732
100537223,40.7372,-4.4683
106,41.2122,1.2047
100570043,37.0048,-4.328
200101131,36.1408,-5.4562
100565853,40.3836,-8.326
100515794,41.8816,-0.7628
24831208-RUTA2-20,45.6368,8.8342
100526235,40.4441,-3.4857
100544565,41.197,-8.3095
100560816,38.0382,-1.1903
1217,42.429,-2.2743
100585496,37.3634,-2.2411
100540890,40.5707,-7.2071
24831194-RUTA2-20,45.6368,8.8342
24828538-RUTA2-20,48.2262,16.3823
100544566,41.172,-8.5134
100522538,37.401,-5.9664
100585402,37.2166,-1.9337
24826307-RUTA2-20,45.6368,8.8342
24825491-RUTA2-20,45.6368,8.8342
24824985-RUTA2-20,45.6368,8.8342
24829229-RUTA2-20,45.6368,8.8342
24825095-RUTA2-20,48.1443,11.7037
100562782,38.8028,-9.1393
100543111,41.573,2.245
100000028,41.1045,1.212
200103311,43.5545,-5.6997
100544568,39.6405,-8.7872
100585456,38.1813,-1.127
24825373-RUTA2-20,45.6368,8.8342
24827072-RUTA2-20,45.6368,8.8342
C37205,41.2063,1.2426
100500152,37.2209,-6.9487
1200,38.8261,-0.5545
100548197,43.2558,-2.4111
100000007,43.3502,-8.4399
100569811,39.6707,-8.8334
100585357,37.7706,-1.2181
100578064,41.5227,2.4279
100583056,45.8012,4.7643
100575495,43.126,5.9219
1200,38.823,-0.5494
100565540,40.1725,-3.6685
24828330-RUTA2-20,45.6368,8.8342
24827572-RUTA2-20,45.6368,8.8342
24827948-RUTA2-20,45.6368,8.8342
24829998-RUTA2-20,45.6368,8.8342
24829840-RUTA2-20,45.6368,8.8342
24831101-RUTA2-20,45.6368,8.8342
24831113-RUTA2-20,45.6368,8.8342
24828834-RUTA2-20,45.6368,8.8342
10113,41.3104,1.6553
100532702,43.3238,-3.1277
100520418,43.2556,-8.5605
100584126,38.204,-1.0424
100584322,39.0122,-0.567
100532671,41.1729,1.2279
100573942,37.8723,-6.7875
100001001,42.0048,-4.5426
100583029,43.5654,3.8765
100001426,39.4809,-0.5702
12510A,41.215,1.1516
100531820,41.7115,1.8449
100001200,38.823,-0.5494
100547806,40.3719,-3.7262
C03205,41.1922,1.2064
100585592,38.2692,-1.4616
24833261-RUTA2-20,45.6368,8.8342
24832810-RUTA2-20,45.6368,8.8342
12510B,41.216,1.1519
100579305,43.1196,2.0364
12768A,41.9996,2.2733
100532937,42.7557,-1.6394
100554116,38.9041,-9.1914
100581800,41.4836,-2.5297
100559754,41.8313,-4.6153
100562736,38.2975,-0.5783
1218,38.9819,-0.5494
100570369,42.888,-7.6976
100560325,40.3134,-3.7356
100001016,38.666,-4.0485
100580019,39.3746,-0.4037
100500264,42.7369,-8.6587
100522527,39.4173,-0.3753
100572054,38.7156,0.0519
24834940-RUTA2-20,48.1443,11.7037
100516969,37.2145,-3.6961
100540361,40.1173,-8.497
100585585,37.0052,-4.3292
100581576,41.6769,-3.7142
100562734,39.7737,-8.1099
100584118,41.1148,1.2004
16,41.1646,1.1705
100572616,39.6589,-2.3908
100571355,37.1469,-7.8352
100585577,38.7116,-9.2839
100553870,37.4798,-4.4419
36,41.8757,0.2442
100544597,39.6181,-8.8377
1200,38.8239,-0.5487
24833929-RUTA2-20,45.6368,8.8342
24834063-RUTA2-20,45.6368,8.8342
24834863-RUTA2-20,45.6368,8.8342
24833624-RUTA2-20,45.6368,8.8342
24836488-RUTA2-20,45.6368,8.8342
24836493-RUTA2-20,45.6368,8.8342
100560325,40.2915,-3.7386
100545228,37.637,-7.9844
100564138,42.1925,0.3373
100500040,41.3361,2.1299
100547358,43.9677,1.3395
1214,40.6097,-7.7268
100533215,43.4444,-3.8462
100522730,41.7386,-4.6694
C03205,41.1996,1.2194
100579570,41.7882,-1.9804
12347TB,41.1142,1.1825
100519747,37.2336,-3.6936
100001005,43.1239,-7.6322
C40205,41.1046,1.2351
100559310,42.1601,-8.6221
100518376,42.9108,-8.5192
100500161,41.1636,1.1932
24818942-RUTA2-20,45.6368,8.8342
24837354-RUTA2-20,45.6368,8.8342
24838165-RUTA2-20,45.6368,8.8342
24838864-RUTA2-20,45.6368,8.8342
24839992-RUTA2-20,45.6368,8.8342
1000,38.6869,-4.1086
100516673,39.5629,-0.6336
100523486,41.7257,0.5919
100585576,43.4167,-3.8724
1420,40.2619,-3.7368
100515797,42.3415,-2.0845
100515893,42.1165,-1.7811
1432,38.6779,-9.197
100585570,40.796,-3.6932
24837040-RUTA2-20,45.6368,8.8342
24839950-RUTA2-20,45.6368,8.8342
24840775-RUTA2-20,45.6368,8.8342
24840763-RUTA2-20,45.6368,8.8342
100001401,42.2594,-8.6733
100552563,40.0206,-3.6089
100583890,39.5087,-1.3034
100001008,43.4202,-3.7712
100574777,42.8924,-2.1668
24832849-RUTA2-20,45.6368,8.8342
24833930-RUTA2-20,45.6368,8.8342
24838889-RUTA2-20,45.6368,8.8342
24840761-RUTA2-20,45.6368,8.8342
100585681,42.5711,-6.8109
28,41.3551,1.7328
24840169-RUTA2-20,45.6368,8.8342
24840365-RUTA2-20,45.6368,8.8342
100551101,40.5005,-3.6825
100584041,38.1318,-1.0522
100580270,38.7379,-0.8916
100545694,41.0696,-8.461
100537544,38.3409,-0.6084
100563548,41.258,1.1648
09,41.1082,1.194
24840781-RUTA2-20,45.6368,8.8342
24841170-RUTA2-20,45.6368,8.8342
16,41.1658,1.1828
115,41.1103,1.2003
C115205,41.1103,1.2003
C16205,41.1658,1.1828
24840760-RUTA2-20,45.6368,8.8342
24844694-RUTA2-20,45.6368,8.8342
100585816,37.7706,-1.2181
100519026,39.8777,-4.0782
24842508-RUTA2-20,49.5384,8.4106
1407,36.1813,-5.4357
100579296,41.8475,-2.409
100541551,39.8896,4.2642
100549929,41.7277,0.7424
100540030,39.4675,-0.5045
100582162,40.7971,-4.2519
100565353,42.0641,-1.6022
100573715,40.1081,-0.0089
100548100,41.5498,2.2409
1403,43.5705,-5.9283
24842609-RUTA2-20,49.5384,8.4106
24842036-RUTA2-20,45.6368,8.8342
100516114,39.5941,-0.3954
100519536,42.4654,-8.738
100548972,40.102,-3.6594
100532632,39.4449,-2.0404
100516616,39.501,-0.342
1822,51.3387,6.6787
100566113,39.9141,-7.4611
100518552,41.2268,-0.0305
100518968,43.4234,-5.8102
100573413,38.9149,-1.8011
200102111,37.2592,-6.9605
100585796,46.8062,-0.1471
100001418,40.5283,-3.392
100516943,38.0354,-1.1829
100537482,41.6572,1.0838
100585807,40.6835,-3.7944
100582445,38.3261,-0.7748
100566500,37.3398,-6.1381
24843243-RUTA2-20,45.6368,8.8342
100527177,38.9715,-5.8639
100530969,43.4769,-7.3
1420,40.2738,-3.7551
100565668,41.6683,2.2263
100568559,41.6061,-3.3759
100572413,39.8233,-0.2323
100585846,42.2315,-5.6576
100536198,42.0694,2.797
24822956-RUTA2-20,45.6368,8.8342
100518961,43.3832,-5.7108
100526398,41.1687,1.1261
100574500,40.3929,-3.411
100564443,42.8921,-7.2544
100578988,38.0113,-3.3716
1802,37.5727,-0.9235
24844661-RUTA2-20,45.6368,8.8342
24845781-RUTA2-20,45.6368,8.8342
200105341,35.8869,-5.3338
24845497-RUTA2-20,45.6368,8.8342
100500457,41.5231,2.1454
1800,40.4546,-3.6944
100584690,40.6154,-4.6358
100519043,42.567,-6.6079
100573385,43.5719,-5.9286
336653,41.8307,-0.7705
100533055,43.559,-5.9215
100579538,42.4149,-8.6158
100535891,40.5109,-3.4086
100583550,40.1112,-3.6554
100585968,36.7791,-3.0012
100550080,40.5858,0.4521
100575090,39.9579,-0.0014
100579870,40.4,-3.5809
100518087,38.1902,-1.1041
100533674,38.7119,-0.9542
24845385-RUTA2-20,45.6368,8.8342
24845783-RUTA2-20,45.6368,8.8342
24847863-RUTA2-20,45.6368,8.8342
24847862-RUTA2-20,45.6368,8.8342
24847864-RUTA2-20,45.6368,8.8342
24847321-RUTA2-20,45.6368,8.8342
24848039-RUTA2-20,45.6368,8.8342
24847893-RUTA2-20,45.6368,8.8342
24848081-RUTA2-20,45.6368,8.8342
24847473-RUTA2-20,45.6368,8.8342
24848080-RUTA2-20,45.6368,8.8342
82965P20,39.1645,-8.9192
100585908,40.3305,-5.408
200103331,43.5758,-5.9397
100585960,41.8832,-8.8582
100566624,37.4727,-5.9262
100537482,42.3769,1.7151
100585985,40.7221,-0.9926
100585995,37.1733,-4.8567
100544217,40.9515,-7.8876
100583662,43.3128,-8.282
100575405,40.5603,-3.2618
100585945,39.9727,-5.6028
100583606,39.9441,-3.1687
100500612,43.1842,-2.5237
24847865-RUTA2-20,45.6368,8.8342
24848253-RUTA2-20,45.6368,8.8342
100518535,42.1925,0.3373
C2001950,40.3249,-3.8643
24847626-RUTA2-20,45.6368,8.8342
24846822-RUTA2-20,45.6368,8.8342
24846814-RUTA2-20,45.6368,8.8342
24848252-RUTA2-20,45.6368,8.8342
24847174-RUTA2-20,45.6368,8.8342
24850091-RUTA2-20,45.6368,8.8342
24849500-RUTA2-20,45.6368,8.8342
24849502-RUTA2-20,45.6368,8.8342
100537330,41.5077,1.9016
24849501-RUTA2-20,45.6368,8.8342
100574466,43.5459,-6.7216
100575000,41.7115,1.8449
100522726,42.2948,-7.8728
100549337,37.3582,-2.338
100586003,40.8818,-0.9431
100530298,45.1921,0.6875
100519044,42.4589,-6.0635
24852386-RUTA2-20,49.5384,8.4106
100001429,37.6248,-0.9592
100515816,37.847,-0.8039
100565147,40.5907,-3.547
100568523,43.5624,-7.6421
100577068,39.8773,-3.7296
100573077,38.8902,-4.0473
10411MR,41.4182,2.042
100583820,42.5749,-7.9128
100515920,38.0328,-1.1885
88298RE,44.8824,10.546
100544566,41.1731,-8.5117
100500087,41.4775,1.8769
100548721,39.6839,2.8463
100549082,42.3408,-7.8261
128,37.7001,-3.9729
24848047-RUTA2-20,45.6368,8.8342
24849044-RUTA2-20,45.6368,8.8342
24847808-RUTA2-20,45.6368,8.8342
24849859-RUTA2-20,45.6368,8.8342
24836858-RUTA2-20,49.5384,8.4106
24848482-RUTA2-20,45.6368,8.8342
24849081-RUTA2-20,45.6368,8.8342
24849798-RUTA2-20,45.6368,8.8342
24848777-RUTA2-20,45.6368,8.8342
24850095-RUTA2-20,45.6368,8.8342
100520119,40.3751,-3.4707
24849625-RUTA2-20,45.6368,8.8342
24849888-RUTA2-20,45.6368,8.8342
24850665-RUTA2-20,48.2262,16.3823
24849900-RUTA2-20,45.6368,8.8342
100532894,42.8312,-1.7852
100534201,38.32,-0.5165
200104111,37.3608,-5.9939
100575800,43.4386,-3.8958
24840764-RUTA2-20,45.6368,8.8342
24840776-RUTA2-20,45.6368,8.8342
24851353-RUTA2-20,45.6368,8.8342
24851980-RUTA2-20,45.6368,8.8342
24850535-RUTA2-20,45.6368,8.8342
100537482,41.653,1.0896
100544702,37.898,-4.7111
28,41.3548,1.7298
100578857,39.6851,-8.6311
12776,41.635,-1.0217
100585870,47.3224,-2.1608
100575703,40.6246,-4.0203
100534413,42.5445,-8.9863
24853040-RUTA2-20,45.6368,8.8342
24852069-RUTA2-20,45.6368,8.8342
1422,38.4983,-8.827
100586077,37.2693,-6.816
100585158,41.7384,0.5596
100516459,41.3334,2.0942
100545514,37.9211,-8.7858
24852678-RUTA2-20,45.6368,8.8342
24853933-RUTA2-20,45.6368,8.8342
100580241,42.3974,-8.7913
100583026,39.366,-3.4953
100563809,39.9132,-8.4402
100585813,40.595,-8.416
100573051,39.4751,-0.6532
100515900,39.012,-1.8828
100570126,42.4123,-8.6724
100567369,41.6389,2.409
100551332,42.7506,2.808
100516106,41.9419,2.2535
100581997,38.8358,-0.4975
24852070-RUTA2-20,45.6368,8.8342
24854210-RUTA2-20,45.6368,8.8342
24853755-RUTA2-20,45.6368,8.8342
24854228-RUTA2-20,45.6368,8.8342
24855122-RUTA2-20,45.6368,8.8342
24855596-RUTA2-20,45.6368,8.8342
24855644-RUTA2-20,45.6368,8.8342
100575268,40.0459,-3.6891
100531315,42.8393,-2.7369
100532829,41.6015,-4.7192
100001200,38.8255,-0.5548
24855548-RUTA2-20,48.1443,11.7037
100585815,37.2453,-1.9173
100518745,43.4061,-3.4454
100522097,38.8717,-0.0297
100582234,41.7543,-2.5452
100500100,41.119,1.1935
100583817,42.9067,-7.9897
100571864,42.1601,-8.6221
24855339-RUTA2-20,45.6368,8.8342
24856275-RUTA2-20,45.6368,8.8342
24854988-RUTA2-20,45.6368,8.8342
24856276-RUTA2-20,45.6368,8.8342
24857641-RUTA2-20,45.6368,8.8342
24857174-RUTA2-20,45.6368,8.8342
24857175-RUTA2-20,41.3664,2.1646
100540904,39.8053,-8.0989
100585689,39.0148,-0.5789
100541185,41.3492,-7.6854
100550080,40.585,0.4518
200102111,37.2391,-6.9263
100545411,37.575,-7.9781
24857644-RUTA2-20,45.6368,8.8342
24857328-RUTA2-20,45.6368,8.8342
100554532,40.0263,-3.9251
100565668,41.6682,2.223
24858980-RUTA2-20,49.5384,8.4106
24856085-RUTA2-20,45.6368,8.8342
24857317-RUTA2-20,48.1443,11.7037
24858037-RUTA2-20,45.6368,8.8342
24855991-RUTA2-20,45.6368,8.8342
100526235,40.4427,-3.4873
100539610,40.7675,-3.1432
100527241,42.9134,-8.5166
100564650,37.6497,-3.459
100573900,42.3164,-7.957
24859437-RUTA2-20,45.6368,8.8342
100586226,39.2108,-3.8333
100554150,38.8211,0.0042
1328706,51.3388,6.6781
24858471-RUTA2-20,45.6368,8.8342
12328A,41.7844,1.8937
1403,43.569,-5.928
100586157,37.7706,-1.2181
100550789,42.2274,2.9799
100586307,41.6401,-7.2117
100000007,43.3504,-8.4522
12720,42.6857,-2.9404
100581473,38.7358,-2.4681
100521895,37.7228,-3.9663
100578257,39.3296,-3.0832
1200,38.8255,-0.5548
100537971,41.3485,2.0964
100586075,42.1529,-8.6319
24858071-RUTA2-20,45.6368,8.8342
24859451-RUTA2-20,45.6368,8.8342
24859419-RUTA2-20,45.6368,8.8342
24858142-RUTA2-20,45.6368,8.8342
24859101-RUTA2-20,45.6368,8.8342
24861882-RUTA2-20,45.6368,8.8342
100582616,37.3973,-5.9715
100533237,43.2437,-2.8951
100573491,41.0335,-0.8129
24858499-RUTA2-20,45.6368,8.8342
24859171-RUTA2-20,45.6368,8.8342
24861845-RUTA2-20,45.6368,8.8342
24859123-RUTA2-20,45.6368,8.8342
100525408,43.5628,-8.015
100515798,39.5117,-0.4587
100516615,41.5506,2.2275
100550435,39.7546,-8.9322
100518537,41.0487,-0.1318
1000,38.692,-4.1093
100585957,40.0498,-8.8148
10218,40.8126,0.5214
100572047,41.4971,2.0349
100554749,39.9107,-4.6788
100544204,39.9012,-8.5124
12774E15,41.0801,1.1577
110,41.6614,1.8601
100001430,39.0582,-8.8941
11322A,41.1215,1.1809
100528801,40.3361,-3.4677
100563327,40.1353,-3.6552
100574253,43.4151,-3.8449
100586257,39.7013,-0.7428
1420,40.2498,-3.7203
100583540,42.4404,-2.3053
100518787,41.4679,2.245
100586170,40.3016,-3.506
100522142,42.8693,-8.3043
100550234,43.0465,-7.5592
100572640,41.7692,-8.5947
100000005,38.6768,-4.0611
24866274-RUTA2-20,49.5384,8.4106
100586460,38.1387,-2.3877
24863437-RUTA2-20,45.6368,8.8342
24863762-RUTA2-20,45.6368,8.8342
24863941-RUTA2-20,45.6368,8.8342
24863761-RUTA2-20,45.6368,8.8342
24863459-RUTA2-20,45.6368,8.8342
24865249-RUTA2-20,49.5384,8.4106
24865355-RUTA2-20,45.6368,8.8342
24861887-RUTA2-20,49.5384,8.4106
100560282,40.34,-3.7055
100548842,40.9847,-2.5952
24865225-RUTA2-20,45.6368,8.8342
24866717-RUTA2-20,45.6368,8.8342
100571484,42.7151,-7.7641
100547157,41.4658,1.9586
100547188,41.258,1.1619
100547122,43.883,10.9166
24866228-RUTA2-20,45.6368,8.8342
100571916,41.3189,-7.1575
100574514,41.4671,2.1911
200105356,0.0,0.0
100586442,41.5175,2.2001
100542112,42.9113,-8.0248
100579690,41.1922,-8.5903
100586147,45.8529,4.8339
100517316,41.1078,1.2057
100516204,43.4842,-6.19
100516893,38.8382,-0.5255
100570258,41.1855,-8.2917
100586508,42.9904,-8.8847
100575257,38.0168,-8.6891
100570550,41.2067,-8.6129
100584910,53.3026,14.9776
100568103,43.3173,-8.3403
100586241,39.3504,-0.6333
92475ES,41.2122,1.2047
100586507,38.1194,-3.0973
100577998,38.3473,-0.769
100580188,38.293,-0.5884
100565062,40.3298,-3.37
100562982,43.6299,1.424
1218,38.9802,-0.5485
100547150,41.187,1.4604
336653,41.8302,-0.7652
100563846,46.032,13.2406
24866939-RUTA2-20,48.2262,16.3823
100583143,36.6398,-4.5633
24866617-RUTA2-20,45.6368,8.8342
100515916,38.0679,-1.2013
100570360,44.7575,7.3825
100572941,43.3839,-5.7007
24824992-RUTA2-20,45.6368,8.8342
24870278-RUTA2-20,45.6368,8.8342
24870483-RUTA2-20,45.6368,8.8342
24868131-RUTA2-20,45.6368,8.8342
100547379,43.2214,0.0464
100546486,38.6681,-27.0897
100555650,42.5685,-2.1917
100518533,42.1398,-0.4102
100584396,38.2656,-0.6656
100586255,36.7894,-2.7579
100551015,41.6361,2.3441
100519116,39.8646,-3.8961
100549135,39.5029,-2.8731
24871691-RUTA2-20,45.6368,8.8342
24871982-RUTA2-20,45.6368,8.8342
24870897-RUTA2-20,45.6368,8.8342
24871983-RUTA2-20,45.6368,8.8342
100525980,38.9005,-7.0164
100575857,41.3363,-4.4317
100586540,38.5522,-0.2612
1436,38.6566,-27.2659
100563965,46.1621,9.7571
49216,43.275,-1.7121
24870907-RUTA2-20,45.6368,8.8342
100544565,41.1321,-8.2797
30055,38.5074,-1.6885
100586596,38.8152,-0.4741
100569118,37.5733,-0.9119
24874915-RUTA2-20,49.5384,8.4106
100537304,40.931,-4.0597
24871614-RUTA2-20,45.6368,8.8342
24872430-RUTA2-20,45.6368,8.8342
100518805,41.1761,1.2318
24872910-RUTA2-20,45.6368,8.8342
24870376-RUTA2-20,45.6368,8.8342
24871619-RUTA2-20,45.6368,8.8342
24872297-RUTA2-20,45.6368,8.8342
24873456-RUTA2-20,45.6368,8.8342
24873572-RUTA2-20,45.6368,8.8342
24874283-RUTA2-20,45.6368,8.8342
100516969,37.2159,-3.6953
100532668,38.663,-4.1277
11524,38.8973,-0.4972
100586137,37.691,-1.0707
100548876,41.659,-0.9235
24872559-RUTA2-20,45.6368,8.8342
24873570-RUTA2-20,45.6368,8.8342
24872929-RUTA2-20,45.6368,8.8342
24874114-RUTA2-20,45.6368,8.8342
100560136,43.5496,-5.6932
100548186,37.2375,-4.5472
174,39.5212,-0.4728
1439,41.1398,1.2238
100563480,40.8567,-4.7226
100566384,39.0062,-7.249
100577978,41.3373,-6.6545
100581536,41.216,-5.1122
24873543-RUTA2-20,45.6368,8.8342
24874760-RUTA2-20,45.6368,8.8342
24874758-RUTA2-20,45.6368,8.8342
24873307-RUTA2-20,45.6368,8.8342
24872704-RUTA2-20,45.6368,8.8342
24873310-RUTA2-20,45.6368,8.8342
24876356-RUTA2-20,45.6368,8.8342
24826646-RUTA2-20,45.6368,8.8342
24826642-RUTA2-20,45.6368,8.8342
24877758-RUTA2-20,45.6368,8.8342
100539226,42.6719,-1.6556
100565383,42.8349,-1.6136
100583826,43.559,-5.9215
100547499,41.0909,-8.5301
100564020,38.9836,-0.1835
1602,37.0574,-95.7119
100586646,42.6286,2.7655
100560644,40.6684,-4.6851
100515928,40.1224,-3.8059
100567955,43.3243,-5.8699
24878566-RUTA2-20,45.6368,8.8342
24877542-RUTA2-20,45.6368,8.8342
100569559,38.7591,-27.1147
C36205,41.9213,0.1672
24874862-RUTA2-20,45.6368,8.8342
100549397,42.9125,-8.5152
30115,37.608,-1.7631
100578699,42.9911,-4.1406
100586586,36.9206,-6.0771
100554186,44.9197,-0.5433
100552525,38.6562,-8.1869
100529835,43.3951,3.4206
100565415,42.6795,-7.6485
24879827-RUTA2-20,45.6368,8.8342
24879823-RUTA2-20,45.6368,8.8342
24879271-RUTA2-20,45.6368,8.8342
24879490-RUTA2-20,45.6368,8.8342
24880452-RUTA2-20,45.6368,8.8342
24879457-RUTA2-20,45.6368,8.8342
100585060,40.3074,-2.3934
100573098,42.3404,-3.7059
100585921,41.6514,-2.8912
100577730,37.9273,-1.2092
100553321,40.436,-3.8382
100586863,39.0489,-3.5946
100567470,43.7053,-1.0358
100575558,40.8301,-5.2795
100562782,38.7756,-9.1354
100577460,43.3309,-4.0987
12623B,39.7132,-0.3489
24879062-RUTA2-20,45.6368,8.8342
24879448-RUTA2-20,45.6368,8.8342
100549526,40.3418,-1.1137
100557057,42.5176,-7.5132
100586240,40.0156,-0.0398
100516669,37.6264,-1.0312
100532727,38.6884,-4.1079
24880505-RUTA2-20,45.6368,8.8342
24880516-RUTA2-20,45.6368,8.8342
24879933-RUTA2-20,45.6368,8.8342
24881399-RUTA2-20,45.6368,8.8342
100581276,37.235,-6.9464
200104811,43.2654,-2.9351
100500087,41.4722,1.875
100579815,38.9273,-9.1784
100540385,40.5435,-8.5406
100538545,41.4814,2.0252
100517318,41.5683,2.1809
100515787,43.272,-2.0549
100523488,41.7035,0.7061
10411QU,39.5941,-3.0401
100586910,37.3046,-4.9255
24881402-RUTA2-20,45.6368,8.8342
24881403-RUTA2-20,45.6368,8.8342
100582597,41.9517,2.2757
100554781,36.6767,-4.4939
49256,40.3979,-3.6842
100586935,39.5818,-0.4435
74,39.4471,-0.3348
100586976,36.934,-4.1991
100586787,37.3272,-3.8715
100538423,38.3528,-0.606
100565852,38.6635,-27.2294
100586986,38.8852,-3.7372
100563579,38.9041,-9.1914
100533164,43.5886,-5.941
24888843-RUTA2-20,49.5384,8.4106
100552343,43.5165,-8.1569
100527419,37.2251,-3.631
100548446,38.4022,-1.0418
10365_00GR,41.447,1.9728
100562944,44.8516,-0.6758
100566062,39.7888,-6.3725
100543333,41.9473,2.3827
100515865,38.2827,-0.7132
100515986,41.8847,-0.7848
24884016-RUTA2-20,45.6368,8.8342
24888839-RUTA2-20,49.5384,8.4106
100584590,41.6325,-8.7787
100585966,47.7823,-3.3441
100522525,41.6773,-0.9443
100529250,38.9339,1.4172
100582247,41.855,1.9708
100587040,39.7013,-0.7428
24888615-RUTA2-20,45.6368,8.8342
24888726-RUTA2-20,45.6368,8.8342
24884876-RUTA2-20,45.6368,8.8342
100574418,37.4035,-1.5828
11480,39.4657,-0.4696
100579308,41.4785,1.9903
100516338,41.827,2.8891
100567376,39.953,-0.0768
100538416,40.3236,-3.8682
100569667,38.8935,-3.6471
100564670,41.3972,1.8504
100575135,39.4006,-3.1253
100568736,39.6263,3.064
100586832,38.0911,-3.159
100569148,43.4346,-3.8877
24889089-RUTA2-20,45.6368,8.8342
24889779-RUTA2-20,45.6368,8.8342
100572462,47.3352,0.6544
100582155,45.5388,11.8161
100571000,45.6853,8.9109
100578288,43.5604,-5.7003
100500040,41.3393,2.1229
20233A,41.5519,1.8809
11114,41.5846,2.2286
100572859,38.3093,-4.6061
24883321-RUTA2-20,45.6368,8.8342
24889270-RUTA2-20,45.6368,8.8342
24887330-RUTA2-20,45.6368,8.8342
24889457-RUTA2-20,45.6368,8.8342
24889800-RUTA2-20,45.6368,8.8342
24891277-RUTA2-20,48.1443,11.7037
24891226-RUTA2-20,45.6368,8.8342
100584443,38.8303,-9.2747
100577067,41.2352,1.2606
38655,0.0,0.0
100539471,41.6477,0.6969
100516264,40.9676,-5.642
200101111,36.5363,-6.2826
100572648,42.8921,-7.2544
100586381,42.7392,-4.1389
100551365,37.6798,-5.7678
100544202,39.6583,-8.8241
100522532,37.3986,-5.9696
100535891,40.5155,-3.4124
100547560,46.0198,13.2854
100586988,41.7157,-1.028
100566740,38.071,-1.0568
100587021,40.7724,0.6566
100515993,40.4766,-3.4805
100516892,41.5273,2.1433
100518537,41.0434,-0.1293
100587193,39.1088,-3.321
30108,39.5204,-0.468
24888750-RUTA2-20,45.6368,8.8342
24889652-RUTA2-20,45.6368,8.8342
24890140-RUTA2-20,49.5384,8.4106
24890751-RUTA2-20,45.6368,8.8342
24891618-RUTA2-20,45.6368,8.8342
100532946,41.6173,-4.7512
24892194-RUTA2-20,45.6368,8.8342
24892342-RUTA2-20,45.6368,8.8342
24892358-RUTA2-20,45.6368,8.8342
24893598-RUTA2-20,45.6368,8.8342
100575643,36.9679,-3.5391
100500137,38.663,-4.1277
100586751,43.3682,-0.381
100566407,39.1761,-3.0099
100571644,41.6396,1.8985
1262689,53.5428,9.9891
11442,41.8095,2.8604
100540377,41.1206,-7.7341
100567470,43.7053,-1.0359
100552769,38.3631,-0.9992
10736BAR,41.5649,2.2798
24892876-RUTA2-20,45.6368,8.8342
24892372-RUTA2-20,45.6368,8.8342
24892884-RUTA2-20,45.6368,8.8342
24894822-RUTA2-20,45.6368,8.8342
24895189-RUTA2-20,45.6368,8.8342
24891355-RUTA2-20,48.1443,11.7037
100549698,38.0261,-1.2656
100552467,39.812,-7.5267
100567539,40.7108,-7.9532
100573851,41.09,-8.6066
100545116,38.8414,-7.5818
100527785,43.3771,-5.7734
100575451,36.752,-3.2359
100500787,43.2281,-2.8546
100551228,43.4777,-0.7474
10411JOF,41.3322,2.0461
24893718-RUTA2-20,45.6368,8.8342
24897103-RUTA2-20,45.6368,8.8342
100582666,40.3934,-8.0881
1445,46.1721,-1.2129
100515930,41.5433,2.0369
100586205,38.2923,-0.557
100581991,38.2692,-1.4616
100572142,39.0053,-0.5643
100519591,41.528,2.2208
100540863,41.2067,-8.613
100540361,40.1128,-8.4987
C28205,41.3548,1.7298
1209,40.303,-3.4685
100570370,36.7477,-3.0235
100574748,37.2375,-6.9503
100556569,39.5993,-3.0496
100584305,38.2639,-1.4354
100548576,43.4379,4.9457
100563192,39.6393,-8.8292
100587137,41.9707,-5.626
100551101,40.4927,-3.6781
100531812,42.1601,-8.6221
24899262-RUTA2-20,45.6368,8.8342
12851,41.5227,2.4279
24900219-RUTA2-20,45.6368,8.8342
12891MOL,41.5451,2.2089
24899260-RUTA2-20,45.6368,8.8342
24899173-RUTA2-20,45.6368,8.8342
24900393-RUTA2-20,45.6368,8.8342
24899760-RUTA2-20,45.6368,8.8342
24901990-RUTA2-20,45.6368,8.8342
100585731,43.9366,1.3156
100565802,37.4346,-1.4994
100571755,38.3428,-0.612
100587247,48.7486,1.3597
24902007-RUTA2-20,45.6368,8.8342
100001442,35.8934,-5.321
100537971,41.347,2.0964
100515897,43.2746,-1.6912
100533116,37.4257,-5.982
100579422,38.9147,-8.8749
100564919,37.3081,-6.8733
24903561-RUTA2-20,45.6368,8.8342
24903829-RUTA2-20,45.6368,8.8342
24903830-RUTA2-20,45.6368,8.8342
24903842-RUTA2-20,45.6368,8.8342
24905441-RUTA2-20,45.6368,8.8342
24906182-RUTA2-20,49.5384,8.4106
100574131,42.1269,-8.6564
100515979,41.55,2.035
100544458,39.4735,-0.4932
100001439,41.1398,1.2238
20055,37.3974,-3.9669
100534097,43.358,-5.852
100519769,41.7319,1.8361
100516959,43.2632,-2.5203
100584904,38.8493,-9.3726
100500151,41.461,1.9597
100516857,37.4645,-3.8767
100515906,0.0,0.0
24904934-RUTA2-20,45.6368,8.8342
100555253,43.7417,1.3705
10059_00CO,41.3458,2.035
C02205,38.6858,-4.1124
100560482,41.0909,-8.5301
100518965,43.5107,-5.8685
100586485,40.1218,-3.7835
100576942,46.2282,14.3533
100580272,42.6473,-8.8827
100570446,40.344,-3.5331
100567771,37.2873,-1.9396
100586361,39.6513,-8.9854
100500146,42.8646,-2.6538
24904935-RUTA2-20,45.6368,8.8342
24904533-RUTA2-20,45.6368,8.8342
24905880-RUTA2-20,45.6368,8.8342
24904490-RUTA2-20,45.6368,8.8342
24906114-RUTA2-20,45.6368,8.8342
24905990-RUTA2-20,45.6368,8.8342
24905582-RUTA2-20,45.6368,8.8342
24905662-RUTA2-20,45.6368,8.8342
24906821-RUTA2-20,45.6368,8.8342
24906126-RUTA2-20,45.6368,8.8342
24904507-RUTA2-20,48.2262,16.3823
100531777,39.1639,-3.8482
100575031,41.3168,1.2689
100501086,47.0661,-0.8384
100541046,43.5737,-1.0812
100500041,41.7237,-4.6908
100587551,38.2763,-7.7277
100532781,43.5758,-5.9397
100569837,39.3986,-0.3973
100585715,39.0122,-0.567
24907001-RUTA2-20,45.6368,8.8342
24906127-RUTA2-20,45.6368,8.8342
24906117-RUTA2-20,45.6368,8.8342
24908087-RUTA2-20,45.6368,8.8342
24907171-RUTA2-20,45.6368,8.8342
24907879-RUTA2-20,45.6368,8.8342
24909479-RUTA2-20,45.6368,8.8342
24909478-RUTA2-20,45.6368,8.8342
24908810-RUTA2-20,45.6368,8.8342
24907364-RUTA2-20,45.6368,8.8342
24909538-RUTA2-20,45.6368,8.8342
100000053,37.5737,-0.9319
100585896,36.6779,-4.4916
100546478,38.3713,-4.8453
100587408,40.0482,-2.1238
24910374-RUTA2-20,45.6368,8.8342
24910012-RUTA2-20,45.6368,8.8342
100587580,36.501,-6.2669
1411,41.3419,2.1581
100576566,41.9696,2.7718
100574109,41.7874,0.812
100516943,-1.1829,38.0354
100001218,38.9802,-0.5485
10114,41.6238,2.268
2916446,40.0757,-3.8807
100541142,40.3637,-8.466
100575429,42.0213,-3.284
100001217,42.429,-2.2743
95946,53.5358,9.9828
100571101,45.4079,10.9692
100584739,40.5829,-3.5721
24910667-RUTA2-20,45.6368,8.8342
24912868-RUTA2-20,45.6368,8.8342
24913227-RUTA2-20,45.6368,8.8342
24906826-RUTA2-20,45.6368,8.8342
24912192-RUTA2-20,45.6368,8.8342
24911555-RUTA2-20,45.6368,8.8342
24912108-RUTA2-20,45.6368,8.8342
24912867-RUTA2-20,45.6368,8.8342
24911564-RUTA2-20,45.6368,8.8342
24911532-RUTA2-20,45.6368,8.8342
200100411,36.8355,-2.4678
100532789,37.1998,-6.9348
24913577-RUTA2-20,45.6368,8.8342
24912823-RUTA2-20,45.6368,8.8342
100518548,41.3379,-1.6555
100573427,39.6009,-0.3016
100586865,37.2507,-1.9157
100551213,45.6816,-0.1734
100536741,42.4754,-7.2733
100516855,38.7102,-0.663
1404,28.1395,-15.4154
100587638,41.4717,-4.6473
12162,43.2233,-2.0226
1405,28.4919,-16.2215
100518532,42.0343,0.1226
789526,41.8817,-0.7629
100584682,41.6664,-3.7192
100586076,40.7097,0.5395
100582042,41.3264,-4.7059
100531817,41.9922,1.5371
24913690-RUTA2-20,45.6368,8.8342
24916213-RUTA2-20,45.6368,8.8342
24916292-RUTA2-20,45.6368,8.8342
10411BA,41.3301,2.1547
100568477,42.5176,-7.5132
100579697,41.3838,-4.3025
100575704,40.437,-3.5336
24917747-RUTA2-20,45.6368,8.8342
24917415-RUTA2-20,48.2262,16.3823
100586085,40.4992,0.4234
100565257,38.3402,-0.5628
100550557,42.1308,-0.4132
100001410,43.2399,-2.878
100563711,41.0084,-5.6129
100579081,42.0157,2.8285
100580107,41.3436,-4.7223
100581469,42.5411,-8.7028
1000,38.6768,-4.0738
24915301-RUTA2-20,45.6368,8.8342
24917405-RUTA2-20,45.6368,8.8342
100586719,46.8062,-0.1471
100564390,42.3957,-3.5575
100560421,37.9542,-1.1931
100001418,40.5283,-3.3923
100545644,43.558,-5.6998
100569286,41.4656,1.9589
24918492-RUTA2-20,45.6368,8.8342
24919754-RUTA2-20,45.6368,8.8342
24920102-RUTA2-20,45.6368,8.8342
100585974,43.5625,-6.0326
100537320,41.2974,-3.749
100551900,28.4959,-16.2094
100550290,28.454,-16.3022
100545346,42.9142,-8.0125
1000,38.6768,-4.1093
100575065,41.3505,-1.0393
100568878,28.3769,-16.7124
100570226,28.9652,-13.555
1404D,28.1635,-15.4059
100543438,39.8929,-4.8819
100500164,40.0855,-3.87
100536776,28.1579,-15.4223
100579166,40.9825,14.2742
24919920-RUTA2-20,45.6368,8.8342
24920637-RUTA2-20,45.6368,8.8342
24921272-RUTA2-20,45.6368,8.8342
24921697-RUTA2-20,48.1443,11.7037
200102911,36.7251,-4.4002
100576671,41.109,1.2052
100580042,42.4838,-2.8367
100532225,28.489,-13.9729
30307,38.6144,-1.1041
100587672,42.4032,-2.1205
100537751,28.4236,-16.2999
100576116,28.0091,-16.6574
100553337,40.2921,-3.5132
1405D,28.4502,-16.2646
100572638,28.4473,-16.2921
100530912,27.807,-17.9148
100570820,28.2673,-14.1035
20047,37.3406,-5.8241
100578780,43.2874,-2.9678
100585151,28.049,-15.7323
100541203,39.6994,-8.8293
100586095,43.5901,21.3521
100560368,41.3523,-8.5405
100568458,27.9951,-15.389
100525684,28.4845,-16.3434
100573008,27.8629,-15.4144
100564730,28.1208,-15.4482
24927515-RUTA2-20,49.5384,8.4106
100001410,43.2427,-2.8819
100583600,42.6344,-8.1468
100563902,28.0754,-15.4888
100587828,28.6151,-17.7547
100587905,40.3344,-3.8133
100551280,28.1583,-15.4148
100559425,41.4922,-6.8685
100548146,28.5215,-16.3365
100533515,28.456,-16.2654
100587765,51.3748,-2.1384
100577432,27.7671,-15.5928
100568260,28.1026,-15.5288
100576709,28.0117,-15.3871
100525687,28.0477,-16.6601
100541634,40.3765,-3.6365
100587757,38.8298,-0.5035
100532673,37.59,-0.9978
100587824,41.4726,-8.2831
100587690,28.4387,-16.3055
100540520,41.498,-7.6909
24925260-RUTA2-20,45.6368,8.8342
100575945,28.0984,-15.4753
100587906,40.3346,-3.8164
100577540,28.0542,-16.6152
100587937,41.3972,1.8504
100576767,43.4896,-7.6272
100577415,28.4825,-16.3969
100537341,43.946,2.9003
100579296,43.3092,-3.079
100541078,44.899,-0.5251
100541616,27.9235,-15.398
100532899,40.5688,-3.6028
100566048,41.0232,-0.0989
24927790-RUTA2-20,39.5764,2.6542
24927783-RUTA2-20,45.6368,8.8342
100541615,28.3968,-13.8632
100576354,28.5022,-13.8644
100533057,28.0426,-15.4122
100584579,28.0539,-15.7333
100521237,27.9806,-15.3922
100536331,27.9111,-15.5767
100521142,28.5008,-13.8628
100579207,40.5468,-3.2771
100567145,43.6863,-7.8536
200105531,42.6036,-8.9397
100516613,41.4262,2.2115
100571927,28.9733,-13.5358
100571437,28.9217,-13.672
100583836,28.0536,-16.7135
100575176,28.4465,-16.2828
100521345,28.001,-15.4156
100577771,0.0,0.0
12590B43,41.2537,1.6153
100572721,39.6108,-0.3182
100587583,39.2928,-0.4132
24930926-RUTA2-20,45.6368,8.8342
100580291,42.2285,-2.0886
100517240,41.3113,-8.6078
100577727,43.5719,-5.9286
100521299,27.7577,-15.6011
100571055,28.1245,-15.4496
100550641,27.9932,-15.4157
100572800,45.743,3.1666
100575270,49.3155,1.0485
24934852-RUTA2-20,51.3737,4.2633
100539751,38.984,-0.5507
100547378,44.3949,2.4645
100541572,27.8573,-15.4085
24932533-RUTA2-20,45.6368,8.8342
100544210,38.4441,-9.1368
100569536,28.3312,-16.3714
24934853-RUTA2-20,51.3737,4.2633
24929131-RUTA2-20,48.2262,16.3823
100560088,39.519,-8.9074
100587603,36.7913,-2.7477
100587883,42.6614,-8.111
100519738,41.4025,-4.3167
100568111,42.8737,-7.8707
100571985,27.8441,-15.4458
80619PRO,41.7802,1.8505
24932859-RUTA2-20,45.6368,8.8342
24934503-RUTA2-20,45.6368,8.8342
100579320,37.766,-3.7873
100549131,28.9707,-13.5422
100570036,28.3283,-16.4117
100588051,28.1349,-15.4277
24932443-RUTA2-20,48.2262,16.3823
100582365,41.2286,-8.6633
100573587,28.1169,-15.4596
100577631,28.0581,-15.4408
100568734,28.489,-13.9729
100568052,28.1218,-15.4256
100539931,28.4661,-16.3052
100559275,28.3733,-16.7096
10215,41.2482,1.7193
100540703,0.0,0.0
100569467,38.1221,-0.9193
100578418,28.1023,-15.4367
100544210,38.5944,-8.3577
24934218-RUTA2-20,45.6368,8.8342
24934227-RUTA2-20,45.6368,8.8342
24934832-RUTA2-20,45.6368,8.8342
24936248-RUTA2-20,45.6368,8.8342
24936451-RUTA2-20,45.6368,8.8342
100587948,41.8385,12.6543
100563355,38.3249,-0.7684
100516175,39.5128,-0.4667
100518781,40.6363,-4.0052
100500590,41.2702,-6.468
100572261,37.3819,-5.9242
100574177,28.0385,-15.4183
100563345,28.7743,-17.9777
100544646,48.0174,2.7487
100549995,28.4754,-16.4164
100518523,28.0747,-15.4362
200101811,36.749,-3.518
100587305,40.3733,-3.7256
100578040,28.9776,-13.5728
100566343,28.1094,-15.4605
100519465,36.5376,-6.2887
100588187,38.8765,-0.7649
24935705-RUTA2-20,45.6368,8.8342
24936273-RUTA2-20,45.6368,8.8342
100583364,28.4715,-16.2647
100532778,43.5648,-5.7183
100588076,43.0289,-7.7908
100566354,39.6942,-8.0209
100547559,27.9101,-15.5401
100559187,40.1182,-3.8335
100580129,40.8981,-0.3633
100585561,41.0115,-6.4677
100564538,28.0402,-15.4197
100515989,42.2875,-1.9451
100519392,0.0,0.0
100569951,28.1446,-15.6486
100573418,38.3484,-0.7707
12584_00MO,41.5549,2.2723
24941107-RUTA2-20,51.3737,4.2633
24941104-RUTA2-20,51.3737,4.2633
100585701,48.7312,2.4144
100588335,39.9679,-3.415
24937231-RUTA2-20,45.6368,8.8342
100527194,36.1813,-5.4357
24939107-RUTA2-20,45.6368,8.8342
24938675-RUTA2-20,48.2262,16.3823
24939827-RUTA2-20,45.6368,8.8342
24940121-RUTA2-20,45.6368,8.8342
100519000,42.9098,-3.5832
100522532,37.3973,-5.9715
100578928,41.0203,-8.6052
100529301,43.6856,-7.5124
100553208,27.8618,-15.4173
100563740,38.6934,-8.9455
100544389,38.449,-6.384
100568948,28.0581,-15.4408
100573015,28.4962,-13.8804
100574150,41.5307,2.4157
100515980,43.3112,-2.4599
100574253,43.4143,-3.846
100536949,27.752,-15.666
100565466,28.1551,-15.4156
100533001,28.6649,-17.7679
100588342,41.9069,-7.3131
100572501,46.2488,0.1684
100575431,42.3432,-3.6229
1865,36.4949,-6.2677
01,40.3227,-3.8644
100552846,28.4252,-16.4915
100588258,43.9041,10.9194
100577630,28.0581,-15.4408
100588259,46.0328,13.2418
100575842,28.0745,-15.4215
100587036,38.1189,-3.0975
100587088,38.6097,-0.8581
100575488,40.8533,-4.731
100578424,28.6627,-17.7678
100588056,43.3004,-7.3512
100588436,41.0039,-1.0908
100588376,28.0947,-16.5047
100531564,42.8215,-2.7729
100587315,39.6928,-0.5583
100568024,43.344,-6.387
100542616,40.207,-3.6814
100588111,40.4832,-8.0842
10411FED,42.4676,-2.4337
24933125-RUTA2-20,48.2262,16.3823
24938386-RUTA2-20,45.6368,8.8342
24940485-RUTA2-20,45.6368,8.8342
24940474-RUTA2-20,45.6368,8.8342
24941316-RUTA2-20,45.6368,8.8342
24941620-RUTA2-20,45.6368,8.8342
100562341,28.4981,-16.206
100530913,28.0878,-17.1158
100518534,42.5718,-0.5515
100588053,36.1341,-5.4335
100588296,44.76,7.3837
100580374,42.8275,-1.6038
24945905-RUTA2-20,49.4764,8.4305
100551925,42.8748,-2.6571
100570549,50.7027,2.9868
24940918-RUTA2-20,45.6368,8.8342
24941529-RUTA2-20,45.6368,8.8342
24941966-RUTA2-20,45.6368,8.8342
24942328-RUTA2-20,45.6368,8.8342
24942216-RUTA2-20,45.6368,8.8342
100500094,41.4793,1.9831
100500099,41.4772,2.0293
100516231,40.3158,-3.4826
100565672,39.622,-0.3283
100560671,42.8284,-1.6029
100570982,42.5506,-3.3254
100553145,41.5503,2.0124
100515887,42.417,-2.0701
100588517,36.7557,-3.6535
100587532,41.7896,-0.8236
100538308,38.9715,-5.8639
100568136,43.0994,-8.9167
100588338,28.2234,-16.8064
100578421,28.4507,-16.276
100578416,28.4259,-14.013
100578417,27.7688,-15.5859
100588500,42.6228,-2.8488
80619ROD,40.5762,-6.5622
100565586,48.7714,1.1829
24941918-RUTA2-20,45.6368,8.8342
24943036-RUTA2-20,45.6368,8.8342
24943029-RUTA2-20,45.6368,8.8342
100586562,42.616,-7.7633
100578364,40.9515,-5.7291
24943261-RUTA2-20,45.6368,8.8342
24943914-RUTA2-20,45.6368,8.8342
100518540,42.6152,-1.0109
100550689,42.795,-8.5494
24943609-RUTA2-20,45.6368,8.8342
24943200-RUTA2-20,45.6368,8.8342
100516864,41.6322,2.2841
100536380,40.9591,-4.2064
24943588-RUTA2-20,45.6368,8.8342
100538017,28.3454,-16.3728
24946720-RUTA2-20,48.1443,11.7037
24941105-RUTA2-20,51.3737,4.2633
24928453-RUTA2-20,39.5764,2.6542
100568850,41.4629,1.9636
24946960-RUTA2-20,45.6368,8.8342
12395EB,41.6324,-0.7531
24947715-RUTA2-20,51.3737,4.2633
24947714-RUTA2-20,51.3737,4.2633
24947712-RUTA2-20,51.3737,4.2633
100588575,38.3221,-0.7407
100568336,27.8458,-15.4474
100583907,41.9742,-6.9097
100500039,42.9067,-8.5135
10335,41.7902,2.7776
12633,38.6209,-1.1027
100588620,42.5144,-8.8138
100577939,36.929,-3.6277
100574686,37.7052,-1.6187
100546486,38.6627,-27.0948
100001415,28.1559,-15.4142
100527419,37.2248,-3.6314
100555650,42.5516,-2.1728
100588559,40.5435,-3.5678
100572883,38.4846,-0.7709
100537921,28.396,-16.5445
1442,36.1813,-5.4357
24949891-RUTA2-20,45.6368,8.8342
100588537,41.3523,-8.5405
100588634,43.5619,-7.642
100518989,42.6921,-2.9434
100516989,47.739,2.3713
100586915,38.0383,-1.4897
100537451,28.4271,-16.3043
100519502,28.1349,-15.4286
100588654,41.3522,2.0564
100588567,40.5435,-3.5678
12395U,51.1657,10.4515
100566344,28.0994,-15.4746
100544181,37.9599,-1.077
100573426,39.0304,-0.5868
100579450,42.8354,-2.7471
100586370,38.0774,-3.191
100587831,38.7116,-1.0012
100542516,43.5052,-8.1876
100588685,41.0217,0.8776
100543875,43.2752,-8.5815
100533357,28.1329,-15.4393
100574506,40.5087,-3.9156
100531614,38.2421,-1.4217
100588141,39.3583,22.9318
10411Q2,41.3295,2.1235
100583110,40.7546,-3.1762
100566673,36.5907,-6.2301
24956011-RUTA2-20,51.3737,4.2633
1415,28.1563,-15.4109
24951222-RUTA2-20,45.6368,8.8342
24953922-RUTA2-20,49.5384,8.4106
24954087-RUTA2-20,39.5764,2.6542
100585868,43.0293,-7.7914
100588812,38.5245,-7.9479
100539226,42.6964,-1.6374
24955600-RUTA2-20,45.6368,8.8342
24955603-RUTA2-20,45.6368,8.8342
24957021-RUTA2-20,45.6368,8.8342
24956170-RUTA2-20,45.6368,8.8342
100587831,38.716,-0.9673
100547295,28.1565,-15.4158
24956014-RUTA2-20,51.3737,4.2633
100584340,43.3311,-4.0986
100550029,40.9324,-5.465
1415D,28.1563,-15.4109
200105332,28.1276,-15.4247
100587036,38.1262,-3.0637
100586611,40.618,-4.6385
100570029,36.8172,-3.4974
100585356,28.1452,-15.4163
100540039,43.2954,-7.6844
100580829,37.5804,-8.6672
24956716-RUTA2-20,45.6368,8.8342
100578422,28.0101,-16.6483
100539627,38.177,-1.0531
100554214,41.7471,-8.8551
10411C,42.2141,2.5933
100588703,43.1025,-7.6136
100588691,43.4711,-7.2994
100586359,51.2725,9.5139
10,38.6101,-0.5848
100588680,43.2975,-8.2676
100585707,47.6932,-0.8534
100574457,41.9545,2.2765
100541201,41.2956,-8.7206
100546277,38.5247,-8.8942
24957349-RUTA2-20,45.6368,8.8342
100581464,41.3189,-4.9131
100584235,39.6097,-8.6843
100563192,39.6179,-8.8366
100579041,52.132,4.6173
100564818,36.1756,-5.4355
100540164,39.7017,-8.9507
100589031,38.7934,-0.3331
200107226,28.1093,-15.457
200106996,27.8585,-15.3944
100579302,42.8476,-2.5067
100570530,28.4754,-16.4164
100572384,28.0994,-15.4746
100586720,43.6326,1.4224
10411SOP,41.4387,2.0126
100525619,28.9718,-13.5642
100589026,41.4929,-2.2197
100563426,36.9589,-5.8001
100574765,39.3874,-3.2158
100587675,28.0432,-15.4976
100588645,38.7539,0.1078
30109,38.6125,-0.5885
24966724-RUTA2-20,51.3737,4.2633
24966723-RUTA2-20,51.3737,4.2633
24966722-RUTA2-20,51.3737,4.2633
C110205,41.6614,1.8601
30536,39.4519,-0.4684
100548154,40.4117,-3.5825
100521564,39.4682,-0.4653
24959695-RUTA2-20,45.6368,8.8342
24960278-RUTA2-20,45.6368,8.8342
24960904-RUTA2-20,45.6368,8.8342
24965775-RUTA2-20,51.2693,4.3722
24965354-RUTA2-20,39.5764,2.6542
100587036,38.1282,-3.065
24965710-RUTA2-20,48.1443,11.7037
24960014-RUTA2-20,45.6368,8.8342
100546556,43.1112,-9.0329
100580311,38.8591,-7.0298
24965499-RUTA2-20,48.2262,16.3823
100588950,28.0932,-17.1147
100585364,28.1007,-15.4373
100581147,40.5211,-5.671
100586387,37.6797,-5.7679
100585388,43.0293,-7.7914
100586116,41.6552,2.3526
24965258-RUTA2-20,39.5764,2.6542
24965612-RUTA2-20,39.5764,2.6542
100588106,41.0679,1.0393
24966020-RUTA2-20,51.2838,4.38
24965339-RUTA2-20,51.2838,4.38
100551634,40.7544,-4.4206
100533202,28.5042,-13.8458
100573137,28.0522,-16.6404
20900B,40.6163,-3.2818
100589169,39.8173,-5.7991
100589159,41.404,1.0435
100587441,47.8096,-3.3461
100515851,42.2628,2.9808
100585225,42.5913,-3.768
100564932,41.3189,-7.1575
100588113,40.3689,-1.145
100587138,40.9686,-8.5869
24965656-RUTA2-20,39.5764,2.6542
24966129-RUTA2-20,39.5764,2.6542
100572545,28.1013,-15.4471
100582991,41.6395,-8.7687
100580844,40.4367,-6.0354
100581875,43.3601,-4.0848
100586829,40.7565,-7.0182
100588715,43.4626,-7.7276
100579257,43.3677,-5.7616
C15205,41.1626,1.1689
100555626,39.0054,-8.9522
100589025,43.0117,-7.5572
100568154,43.2294,-8.358
24961890-RUTA2-20,45.6368,8.8342
24966657-RUTA2-20,45.6368,8.8342
24966222-RUTA2-20,45.6368,8.8342
24966973-RUTA2-20,45.6368,8.8342
24967372-RUTA2-20,45.6368,8.8342
24968673-RUTA2-20,45.6368,8.8342
24967706-RUTA2-20,49.5384,8.4106
24967715-RUTA2-20,45.6368,8.8342
24968096-RUTA2-20,45.6368,8.8342
24965264-RUTA2-20,51.2693,4.3722
24969340-RUTA2-20,48.2262,16.3823
100533144,39.5716,-3.8602
100546571,42.1159,-4.494
24966597-RUTA2-20,39.5764,2.6542
83924_01DE,45.2526,4.2503
100500279,40.2459,-3.6865
100518226,35.2913,-2.9451
100589043,36.947,-2.4414
100570901,37.2375,-4.5472
100588391,42.8833,-8.5333
100547384,53.5899,-2.2262
100537714,43.2353,-2.8913
100519450,37.2539,-6.9596
12638,38.2433,-0.7074
100587531,28.3421,-16.3799
100518555,41.656,-0.878
24972779-RUTA2-20,45.6368,8.8342
24972367-RUTA2-20,48.2262,16.3823
24972400-RUTA2-20,45.6368,8.8342
24965648-RUTA2-20,51.2693,4.3722
24966411-RUTA2-20,51.319,3.1744
100589293,39.637,-4.4849
24968086-RUTA2-20,45.6368,8.8342
100576239,42.8023,-5.6547
24972965-RUTA2-20,45.6368,8.8342
10248,41.7407,-0.8469
100522513,42.6857,-2.9404
100555282,42.4069,-4.3572
100588811,38.8865,-7.0682
100555290,40.9071,-5.1992
24975325-RUTA2-20,45.6368,8.8342
24972809-RUTA2-20,45.6368,8.8342
24973773-RUTA2-20,45.6368,8.8342
100586475,40.9149,-5.6652
100589189,38.9957,-3.1767
100573414,38.8719,-1.0942
100537523,41.915,3.1641
24975357-RUTA2-20,45.6368,8.8342
24975389-RUTA2-20,45.6368,8.8342
2250,38.9076,-9.0294
100586627,43.0813,-2.4983
13422,39.3638,-0.462
100564217,41.3529,1.7297
100589381,41.0029,0.374
100586688,45.7318,-0.6482
100574468,39.8762,-5.5686
24974128-RUTA2-20,51.2838,4.38
24974763-RUTA2-20,39.5764,2.6542
100585798,43.3034,-7.3212
100586775,45.8314,1.2496
100568817,36.7245,-3.5256
24975572-RUTA2-20,48.2262,16.3823
24979688-RUTA2-20,51.3737,4.2633
100589410,42.0196,-6.4584
24977116-RUTA2-20,45.6368,8.8342
24979691-RUTA2-20,51.3737,4.2633
100589405,38.7953,-3.7426
24970564-RUTA2-20,51.319,3.1744
24973182-RUTA2-20,51.2693,4.3722
24972502-RUTA2-20,39.5764,2.6542
24977753-RUTA2-20,45.6368,8.8342
100589462,40.8898,-1.3379
100550672,38.9443,-0.4019
24978263-RUTA2-20,49.5384,8.4106
100550983,38.9275,-6.3883
100589260,43.319,-1.8657
100569421,38.3736,-0.4738
100552531,27.7687,-15.6076
24978618-RUTA2-20,51.2838,4.38
24978617-RUTA2-20,51.2693,4.3722
100586713,45.4321,5.9994
100515792,37.1212,-5.4542
24978625-RUTA2-20,51.2838,4.38
24981337-RUTA2-20,45.6368,8.8342
24979690-RUTA2-20,51.3737,4.2633
24978670-RUTA2-20,51.2838,4.38
24979035-RUTA2-20,39.5764,2.6542
100546546,43.3965,-5.7902
100539547,42.9054,-8.9546
24978655-RUTA2-20,51.2693,4.3722
24978667-RUTA2-20,51.2838,4.38
24979063-RUTA2-20,51.2838,4.38
24977332-RUTA2-20,51.2838,4.38
24978656-RUTA2-20,51.2693,4.3722
24981162-RUTA2-20,48.2262,16.3823
100570020,40.5374,-8.6384
200105871,40.323,-7.5961
100552447,37.4558,-6.2262
100521684,42.4061,-2.69
100574820,51.0433,3.5911
1203,41.5208,2.0095
100578406,40.8822,-1.3275
100587610,39.2421,-3.4985
24978616-RUTA2-20,51.2838,4.38
24979066-RUTA2-20,51.2838,4.38
100589451,40.6252,-4.0222
100588300,45.5383,11.8161
24979070-RUTA2-20,51.2838,4.38
24984279-RUTA2-20,45.6368,8.8342
24986577-RUTA2-20,51.3737,4.2633
24979897-RUTA2-20,51.2838,4.38
10007,41.6327,-1.1919
24982281-RUTA2-20,51.2838,4.38
100573923,39.1307,-6.8407
100579503,37.6671,-0.954
100533225,41.5391,-0.9978
100570580,39.4732,-0.4795
100562144,40.4859,-3.6476
100563276,37.1722,-3.0368
24986137-RUTA2-20,48.2262,16.3823
24986876-RUTA2-20,45.6368,8.8342
24987326-RUTA2-20,45.6368,8.8342
24987826-RUTA2-20,45.6368,8.8342
24986712-RUTA2-20,0.0,0.0
100517235,39.6834,-8.7946
24987792-RUTA2-20,45.6368,8.8342
24987536-RUTA2-20,0.0,0.0
24986871-RUTA2-20,45.6368,8.8342
24981212-RUTA2-20,39.5764,2.6542
24985666-RUTA2-20,45.6368,8.8342
24986481-RUTA2-20,45.6368,8.8342
24986906-RUTA2-20,45.6368,8.8342
100542118,40.052,-2.129
24988155-RUTA2-20,48.2262,16.3823
24986919-RUTA2-20,45.6368,8.8342
24990847-RUTA2-20,45.6368,8.8342
100554107,38.1726,-1.3866
24989255-RUTA2-20,45.6368,8.8342
24989692-RUTA2-20,45.6368,8.8342
24989256-RUTA2-20,45.6368,8.8342
24993566-RUTA2-20,51.3737,4.2633
24993559-RUTA2-20,51.3737,4.2633
100586824,50.9945,13.6504
400090ST,41.5509,2.1831
100500184,38.8248,-0.547
100583870,43.5442,-5.719
100579598,28.2659,-14.0215
24991478-RUTA2-20,45.6368,8.8342
24993708-RUTA2-20,45.6368,8.8342
24992843-RUTA2-20,51.2838,4.38
15,41.1614,1.1688
24993567-RUTA2-20,51.3737,4.2633
24993562-RUTA2-20,51.3737,4.2633
100568637,42.3764,-1.9434
100525392,43.0905,-2.3132
100572367,28.9732,-13.5606
100589810,43.3707,-3.095
100563327,40.1385,-3.6548
88902AA,41.2033,-77.1945
24993722-RUTA2-20,45.6368,8.8342
24995397-RUTA2-20,45.6368,8.8342
24993954-RUTA2-20,45.6368,8.8342
24994063-RUTA2-20,45.6368,8.8342
100589762,28.3342,-16.3701
100589716,36.6762,-4.4779
24994866-RUTA2-20,45.6368,8.8342
100521774,39.5029,-2.8731
100527419,-34.0958,-59.0242
100564919,37.3074,-6.8711
1415,28.1471,-15.421
100531820,41.71,1.8496
100586101,36.9908,-2.1199
100587948,41.8381,12.6548
38655,40.4756,-3.6877
100589120,41.1644,14.1723
24988737-RUTA2-20,45.6368,8.8342
24994084-RUTA2-20,45.6368,8.8342
24992612-RUTA2-20,45.6368,8.8342
24992614-RUTA2-20,45.6368,8.8342
24994897-RUTA2-20,45.6368,8.8342
24995284-RUTA2-20,45.6368,8.8342
92890VIC,38.7623,-0.6108
100575000,41.71,1.8496
200105356,36.1408,-5.3536
10059,41.3458,2.035
100586660,41.9872,-5.6017
25001867-RUTA2-20,51.3737,4.2633
25001866-RUTA2-20,51.3737,4.2633
25001864-RUTA2-20,51.3737,4.2633
100555565,38.326,-0.7625
24997461-RUTA2-20,49.5384,8.4106
24994436-RUTA2-20,45.6368,8.8342
24997094-RUTA2-20,45.6368,8.8342
25002650-RUTA2-20,48.2262,16.3823
100573008,27.8633,-15.4139
100537383,41.8884,-0.7867
100572261,37.3815,-5.9271
100521142,28.4976,-13.8738
100578407,27.9191,-15.4017
100520474,42.4403,-2.9228
100569421,38.3706,-0.6153
24996909-RUTA2-20,45.6368,8.8342
13458_01VI,41.2122,1.2047
24994639-RUTA2-20,45.6368,8.8342
24998001-RUTA2-20,49.5384,8.4106
25002806-RUTA2-20,48.1443,11.7037
100567459,37.6623,-8.1799
100500131,41.5299,2.2153
88659,40.9658,-8.6164
12855,38.3062,-0.6639
100531614,38.0397,-1.4922
100001401,42.1624,-8.6664
24995505-RUTA2-20,39.5764,2.6542
25002439-RUTA2-20,49.5384,8.4106
100589961,41.7668,-8.5947
100515906,41.2863,1.5494
100569559,38.7619,-27.1092
100560481,50.7649,4.2531
100589956,39.5247,-8.9115
1436,38.6546,-27.2691
100549151,39.5135,-2.905
24997260-RUTA2-20,45.6368,8.8342
24996933-RUTA2-20,39.5764,2.6542
24996948-RUTA2-20,45.6368,8.8342
25000032-RUTA2-20,45.6368,8.8342
25004314-RUTA2-20,39.5764,2.6542
25004313-RUTA2-20,45.6368,8.8342
25000351-RUTA2-20,45.6368,8.8342
100577868,50.0636,5.9835
100589962,41.0899,-8.6065
100581876,43.2303,-2.8791
25007509-RUTA2-20,39.5764,2.6542
100546996,37.3149,-8.797
100559157,41.3438,-4.429
11434_01AR,40.3018,-3.4651
100587966,39.9771,-3.4544
25007510-RUTA2-20,49.5384,8.4106
25007395-RUTA2-20,45.6368,8.8342
100535852,28.459,-16.2564
25006631-RUTA2-20,48.2262,16.3823
24997608-RUTA2-20,45.6368,8.8342
100574792,39.2278,-0.4926
100577562,41.2912,-4.4911
100589960,41.2062,-8.6132
100588885,28.1018,-15.4381
25010214-RUTA2-20,48.1443,11.7037
100589814,38.9259,-6.378
100516135,42.2297,-2.0881
100571040,37.6872,-0.9656
100585702,41.9566,12.7786
100590165,28.0468,-16.5725
100551266,43.4207,-7.8548
100544568,39.6354,-8.7845
25010148-RUTA2-20,45.6368,8.8342
25009584-RUTA2-20,45.6368,8.8342
25010149-RUTA2-20,45.6368,8.8342
25012021-RUTA2-20,45.6368,8.8342
25013342-RUTA2-20,45.6368,8.8342
100544225,38.7354,-9.3264
25013368-RUTA2-20,51.3737,4.2633
10365,41.447,1.9728
100587465,40.0254,-2.1091
11422,37.095,-4.3814
200105356,36.1333,-5.35
100544188,38.7132,-9.2831
100001225,40.909,-4.105
100577379,38.6108,-8.9141
100590205,38.9435,-5.7225
100577556,41.6821,-4.745
25012247-RUTA2-20,45.6368,8.8342
25013493-RUTA2-20,39.5764,2.6542
25015432-RUTA2-20,45.6368,8.8342
25013555-RUTA2-20,45.6368,8.8342
25015440-RUTA2-20,48.2262,16.3823
100515856,42.4531,-2.4122
100590148,40.5981,-7.5339
100590151,50.6362,6.0094
100541203,39.7012,-8.8283
25015055-RUTA2-20,45.6368,8.8342
25013154-RUTA2-20,48.2262,16.3823
100549590,37.5348,-6.1538
2625613,52.1294,4.657
100583152,38.7238,-9.2385
100533144,39.5811,-3.8693
100590146,38.0893,-3.7832
100590148,40.6202,-7.5396
100582571,39.4029,-3.2221
100542256,40.2139,-4.0874
100527194,36.1821,-5.4341
100531736,39.2791,-2.5915
100589801,61.4803,23.5012
100525180,43.3504,-8.382
100578441,41.0899,-8.6067
92085,40.7815,-8.589
100590230,51.0309,6.2625
100563579,38.8894,-9.1886
38655,40.4757,-3.6878
100590331,41.8825,-0.7669
100536082,41.1517,-8.6023
100544202,39.6701,-8.8336
1225,40.909,-4.105
100569263,41.633,-0.8601
11589,37.4546,-3.9287
100589888,41.6711,-0.8443
100547692,37.5972,-8.6367
25016191-RUTA2-20,45.6368,8.8342
25017234-RUTA2-20,45.6368,8.8342
25018689-RUTA2-20,45.6368,8.8342
25019810-RUTA2-20,48.1443,11.7037
100534090,43.3095,-5.8755
100565867,40.6695,-8.6143
25017807-RUTA2-20,45.6368,8.8342
25018727-RUTA2-20,45.6368,8.8342
100519364,37.8539,-1.4095
25018811-RUTA2-20,45.6368,8.8342
25023277-RUTA2-20,45.6368,8.8342
100590081,51.4849,7.247
100517383,39.5134,-2.9941
100581852,42.3582,-3.6521
100585435,42.3668,-3.7517
25018756-RUTA2-20,45.6368,8.8342
100539924,41.2984,2.0101
25021178-RUTA2-20,39.5764,2.6542
10411AL,38.896,-0.4968
100589949,40.5955,-8.4582
100574530,39.2103,-3.8318
100590148,40.5963,-7.5318
25020063-RUTA2-20,45.6368,8.8342
25021187-RUTA2-20,45.6368,8.8342
25021871-RUTA2-20,48.1443,11.7037
25021175-RUTA2-20,45.6368,8.8342
100575229,41.7043,0.7046
100562847,41.5995,2.2863
100579387,41.4785,1.9903
25020853-RUTA2-20,45.6368,8.8342
25020852-RUTA2-20,45.6368,8.8342
25021188-RUTA2-20,45.6368,8.8342
100562859,38.3259,-0.7656
100533331,37.691,-1.0698
100589844,50.5039,4.4699
100571408,38.9041,-9.1914
100589889,28.486,-16.3881
10287CAL,41.3115,1.2674
100540385,40.5602,-8.5565
200104611,39.473,-0.3537
100544204,39.8921,-8.5448
25018740-RUTA2-20,45.6368,8.8342
25022412-RUTA2-20,45.6368,8.8342
25023536-RUTA2-20,45.6368,8.8342
100588077,42.284,-2.2621
100590365,45.176,10.7861
100588120,43.316,-3.067
100542616,40.1116,-3.6496
100590521,43.3513,-1.7855
100563962,43.2663,-2.0504
25022771-RUTA2-20,39.5764,2.6542
25023094-RUTA2-20,45.6368,8.8342
25023934-RUTA2-20,45.6368,8.8342
25024273-RUTA2-20,48.1443,11.7037
25021208-RUTA2-20,45.6368,8.8342
25021209-RUTA2-20,45.6368,8.8342
25023225-RUTA2-20,45.6368,8.8342
25023502-RUTA2-20,45.6368,8.8342
100590456,41.542,2.1275
100564772,39.1008,-9.243
100518957,43.4237,-3.8636
100516174,43.2799,-2.8676
100590485,39.9141,-7.4611
100538634,43.2929,-2.9321
100585041,37.1651,-3.7238
100567632,37.3877,-5.9488
100550080,40.5836,0.4509
100549831,41.4561,1.9787
100548197,43.2538,-2.3884
100590466,48.3637,-4.5313
100570258,41.1827,-8.2887
100575495,43.1177,5.9421
100540809,40.5733,-7.1959
25021217-RUTA2-20,49.5384,8.4106
25022611-RUTA2-20,45.6368,8.8342
100585571,42.5985,-4.3388
2510264,52.3398,4.8738
100589986,38.1726,-1.3866
25024899-RUTA2-20,45.6368,8.8342
25024886-RUTA2-20,45.6368,8.8342
25026537-RUTA2-20,45.6368,8.8342
25028511-RUTA2-20,48.1443,11.7037
100590661,39.2014,-3.0019
25027356-RUTA2-20,45.6368,8.8342
25030176-RUTA2-20,45.6368,8.8342
100531907,42.4832,-5.513
100574456,41.9545,2.2763
100590776,40.642,-7.3215
100539056,42.8592,-2.6628
100564368,38.9411,-3.9754
100583813,43.1416,-8.0383
25028258-RUTA2-20,45.6368,8.8342
25030552-RUTA2-20,49.5384,8.4106
25029563-RUTA2-20,45.6368,8.8342
25030203-RUTA2-20,48.1443,11.7037
25030859-RUTA2-20,39.5764,2.6542
25031899-RUTA2-20,51.3737,4.2633
400090MO,41.5549,2.2723
25031898-RUTA2-20,51.3737,4.2633
25031897-RUTA2-20,51.3737,4.2633
25031896-RUTA2-20,51.3737,4.2633
100554024,42.1165,-1.7811
25035821-RUTA2-20,51.2838,4.38
100581268,43.6071,-7.9212
25029898-RUTA2-20,45.6368,8.8342
100590785,36.5294,-6.29
100559651,43.5454,-8.1492
100590800,42.3267,-5.2781
100565140,27.8588,-15.4183
100585058,36.6554,-6.1303
100573016,28.7231,-13.8836
25033668-RUTA2-20,45.6368,8.8342
12873_00SA,41.7807,1.8905
100590811,36.9458,-2.4378
100590451,36.1042,-5.4585
100590871,41.2195,-8.7045
100569052,42.9099,-8.7375
100587511,43.3172,-8.8308
100570324,41.4302,2.2005
38,41.6257,0.6641
25033451-RUTA2-20,45.6368,8.8342
100518759,41.3455,2.1428
100515928,40.1213,-3.7837
25033496-RUTA2-20,45.6368,8.8342
25034919-RUTA2-20,45.6368,8.8342
25034619-RUTA2-20,45.6368,8.8342
100574579,43.2863,-6.297
100574739,27.7649,-15.5707
100590912,42.965,-7.0039
25037349-RUTA2-20,39.5764,2.6542
25036081-RUTA2-20,45.6368,8.8342
100515858,43.1469,-2.9501
25038579-RUTA2-20,51.3737,4.2633
25038578-RUTA2-20,51.3737,4.2633
100588146,42.3607,-1.9413
100544565,41.1449,-8.2826
100543788,41.542,2.1275
100521343,28.2211,-16.4164
100551943,41.4694,-5.766
100516759,40.8871,-5.2019
100590490,41.7293,-1.1943
1206,43.3588,-3.0931
100590993,43.1986,-7.2003
100591022,40.4622,-4.7685
25035899-RUTA2-20,45.6368,8.8342
25037109-RUTA2-20,45.6368,8.8342
25037473-RUTA2-20,45.6368,8.8342
25038125-RUTA2-20,49.5384,8.4106
25038053-RUTA2-20,45.6368,8.8342
25039106-RUTA2-20,45.6368,8.8342
100578425,28.4628,-16.3063
100586709,44.8935,-0.507
13630,39.2887,-0.4408
25041703-RUTA2-20,51.3737,4.2633
100516535,39.8291,-0.1653
25037477-RUTA2-20,45.6368,8.8342
100519951,36.9365,-5.9204
100501085,41.6518,-0.8811
25041705-RUTA2-20,51.3737,4.2633
100552106,47.2377,-0.0703
100573291,37.576,-7.9771
100590590,41.6942,-7.2327
100588252,45.6939,11.8492
590622,41.3925,2.1606
100500954,41.1927,-6.6899
100590994,41.5513,-0.688
200105346,28.4636,-16.2518
11487ESE,37.3677,-6.2566
100538875,40.3298,-3.37
25040420-RUTA2-20,39.5764,2.6542
25040105-RUTA2-20,39.5764,2.6542
25038513-RUTA2-20,45.6368,8.8342
25042468-RUTA2-20,39.5764,2.6542
25043076-RUTA2-20,49.5384,8.4106
25043646-RUTA2-20,45.6368,8.8342
25045666-RUTA2-20,45.6368,8.8342
100567751,45.2842,4.8123
100591000,42.8276,-7.5149
100591160,43.0,-8.3799
100562903,41.3365,2.1303
100568156,42.4754,-7.2745
100531724,39.4784,-0.4525
100588580,43.0305,-7.3321
100584210,40.3794,-3.7399
100552525,38.6606,-8.1829
25047171-RUTA2-20,51.3737,4.2633
25047169-RUTA2-20,51.3737,4.2633
25047168-RUTA2-20,51.3737,4.2633
100584696,41.184,-8.2888
100558971,39.9755,-0.1436
25042201-RUTA2-20,39.5764,2.6542
25044352-RUTA2-20,39.5764,2.6542
25045081-RUTA2-20,49.5384,8.4106
25045773-RUTA2-20,48.1443,11.7037
25042850-RUTA2-20,39.5764,2.6542
25047165-RUTA2-20,49.5384,8.4106
25048016-RUTA2-20,49.5384,8.4106
25042849-RUTA2-20,51.2693,4.3722
25049648-RUTA2-20,49.5384,8.4106
100585890,42.1604,-7.6108
1436,38.6646,-27.2735
25052594-RUTA2-20,51.3737,4.2633
100520072,42.4768,-2.3958
100590808,42.2669,7.8714
100591044,43.4502,-7.8531
25047513-RUTA2-20,45.6368,8.8342
25049897-RUTA2-20,45.6368,8.8342
100565275,43.326,-0.4405
11103_00VI,41.1089,1.1458
25052595-RUTA2-20,51.3737,4.2633
12626A,-23.4425,-58.4438
100587607,28.3342,-16.3701
100591033,28.5007,-17.8268
100583756,49.5264,0.7634
100515938,39.484,-6.413
25048881-RUTA2-20,45.6368,8.8342
12791,37.345,-5.8613
100590990,39.8779,-4.077
100582902,42.3008,-7.8719
100587851,42.316,-7.9551
100589877,41.3302,2.1504
100571156,42.1673,-1.692
100591336,36.4719,-6.1966
100591316,40.6709,-8.482
25050936-RUTA2-20,45.6368,8.8342
25051701-RUTA2-20,45.6368,8.8342
25051978-RUTA2-20,45.6368,8.8342
25051977-RUTA2-20,45.6368,8.8342
25050734-RUTA2-20,45.6368,8.8342
25051867-RUTA2-20,45.6368,8.8342
25052504-RUTA2-20,45.6368,8.8342
100581266,37.5745,-0.93
100589907,43.3389,-3.0468
38459,43.3238,-3.1095
12557,38.7111,-0.9842
13129_00HO,40.9084,-4.1079
100544173,42.9555,-9.1876
25048597-RUTA2-20,39.5764,2.6542
25053345-RUTA2-20,45.6368,8.8342
25055152-RUTA2-20,45.6368,8.8342
25054229-RUTA2-20,45.6368,8.8342
25054699-RUTA2-20,45.6368,8.8342
25054394-RUTA2-20,45.6368,8.8342
25054916-RUTA2-20,49.5384,8.4106
100591313,40.8984,-0.3695
100528135,37.7233,-1.167
C09205,41.1082,1.194
100582780,40.4832,-8.0842
100589299,40.3142,-3.7371
100584695,41.7537,-2.5468
100589943,39.812,-7.527
100589170,40.2248,-0.931
100579320,37.4641,-3.8974
100591382,43.4213,-5.8144
100590357,45.1921,0.6875
100568001,38.8242,-9.0966
100591467,42.0489,-6.6343
100519888,42.0004,-5.7494
25052935-RUTA2-20,51.2693,4.3722
25055682-RUTA2-20,45.6368,8.8342
25054934-RUTA2-20,45.6368,8.8342
25056019-RUTA2-20,45.6368,8.8342
25055183-RUTA2-20,45.6368,8.8342
100558999,40.7671,0.6557
25058518-RUTA2-20,45.6368,8.8342
25047170-RUTA2-20,51.3737,4.2633
25056018-RUTA2-20,45.6368,8.8342
25056695-RUTA2-20,45.6368,8.8342
25058666-RUTA2-20,39.5764,2.6542
25060529-RUTA2-20,45.6368,8.8342
25058908-RUTA2-20,45.6368,8.8342
100591522,42.7925,-7.8361
25060206-RUTA2-20,45.6368,8.8342
25061664-RUTA2-20,51.2838,4.38
25059167-RUTA2-20,45.6368,8.8342
100558995,43.0723,-2.9965
100577772,28.4376,-13.8724
100580147,42.9154,-3.5831
100546312,37.8291,-1.3688
100570763,40.5557,-5.6709
100549951,28.0783,-16.5579
100588272,51.0678,3.7291
25059109-RUTA2-20,39.5764,2.6542
25060848-RUTA2-20,45.6368,8.8342
25061267-RUTA2-20,45.6368,8.8342
25057179-RUTA2-20,39.5764,2.6542
25060184-RUTA2-20,39.5764,2.6542
25061764-RUTA2-20,49.5384,8.4106
25062515-RUTA2-20,45.6368,8.8342
25062245-RUTA2-20,45.6368,8.8342
25062421-RUTA2-20,45.6368,8.8342
100001415,28.1581,-15.4106
100590403,40.4441,-3.4858
25058359-RUTA2-20,51.2838,4.38
25063452-RUTA2-20,39.5764,2.6542
100591656,42.6868,-6.5453
100587982,38.7708,-9.3516
100590091,43.5587,12.1074
25062560-RUTA2-20,45.6368,8.8342
100577978,41.4149,-6.4042
88578,39.7459,-9.0269
100591687,37.1273,-8.2302
25063209-RUTA2-20,39.5764,2.6542
1438,37.9341,-1.1776
100589761,40.437,-3.5336
100549581,37.9891,-1.579
25062555-RUTA2-20,45.6368,8.8342
25063666-RUTA2-20,51.2838,4.38
100589963,41.0909,-8.5302
100591356,28.4613,-16.3005
100589937,39.7737,-8.1094
25066161-RUTA2-20,49.5384,8.4106
25065589-RUTA2-20,45.6368,8.8342
25066729-RUTA2-20,45.6368,8.8342
100575861,43.0189,-7.4442
100577156,38.8388,-9.3693
100581800,41.5052,-2.4991
100577316,42.8015,-5.1314
100549049,28.2765,-14.1081
100591743,39.39,-3.2239
100591469,28.4884,-16.2193
100588805,40.9299,-5.7881
100568125,42.5191,-0.3661
25067508-RUTA2-20,51.3737,4.2633
25067507-RUTA2-20,51.3737,4.2633
25067506-RUTA2-20,51.3737,4.2633
100527212,38.3807,-4.8817
25067838-RUTA2-20,51.2838,4.38
25066065-RUTA2-20,45.6368,8.8342
25066624-RUTA2-20,45.6368,8.8342
100518376,42.9107,-8.5191
25067099-RUTA2-20,45.6368,8.8342
25067942-RUTA2-20,45.6368,8.8342
25068789-RUTA2-20,45.6368,8.8342
100578419,28.4921,-16.37
25069202-RUTA2-20,0.0,0.0
25068818-RUTA2-20,39.5764,2.6542
25068821-RUTA2-20,39.5764,2.6542
1457,37.7929,-1.0054
400090,41.5639,2.2445
100562311,37.3973,-5.9715
25070069-RUTA2-20,49.5384,8.4106
25071110-RUTA2-20,39.5764,2.6542
100590206,40.6284,-3.2214
100590262,28.2916,-16.6291
25069857-RUTA2-20,49.5384,8.4106
100516079,41.8068,2.7532
40095,42.4369,-2.9551
100516528,42.2098,-8.7432
100001410,43.2396,-2.8781
100587846,42.8961,-8.0167
100591788,43.0307,-2.5051
100564918,41.9047,2.8036
100579346,40.1484,-8.8588
100573479,28.1349,-15.4277
10411CAB,40.6175,-3.2063
100590398,53.7447,9.1141
100568299,39.7284,-8.8355
100515807,42.8261,-1.6656
100000007,43.3623,-8.4115
100521343,28.2296,-16.443
100591933,36.6061,-5.8004
12641E31,42.8438,-1.5305
100572638,28.4466,-16.295
100591770,28.1082,-15.4557
40046,43.3548,-4.0518
100591997,39.7718,-8.7787
100532677,43.3502,-8.4399
100574363,42.4495,-2.3371
100525687,28.1064,-16.6792
100577415,28.4823,-16.3974
100500892,43.1685,-2.3275
100001410,43.2302,-2.8926
100559913,37.0386,-7.9602
25072701-RUTA2-20,39.5764,2.6542
25071832-RUTA2-20,48.2262,16.3823
25073009-RUTA2-20,39.5764,2.6542
25075035-RUTA2-20,49.5384,8.4106
25073763-RUTA2-20,39.5764,2.6542
25076606-RUTA2-20,49.5384,8.4106
25075982-RUTA2-20,51.2693,4.3722
25078387-RUTA2-20,45.6368,8.8342
100588105,41.1816,1.0451
100565852,38.659,-27.2085
100569536,28.3342,-16.3701
100525368,42.6463,-8.8947
10215S,43.4151,-3.8449
100524404,28.0752,-16.5519
100529183,43.2367,-2.8028
100539931,28.4626,-16.303
100571382,37.1399,-7.8553
100588097,38.1649,-0.8852
11488A,37.9519,-1.1845
100590695,42.4417,3.1563
25078905-RUTA2-20,39.5764,2.6542
25078848-RUTA2-20,49.5384,8.4106
25079360-RUTA2-20,49.5384,8.4106
25080539-RUTA2-20,48.1443,11.7037
25079950-RUTA2-20,49.5384,8.4106
100560229,49.1457,2.2688
100519461,37.2539,-6.9596
100569077,41.2574,-8.5113
100553284,41.2866,1.2503
100532671,41.1729,1.2251
100588249,44.3003,11.8707
100576155,40.0951,-8.3323
100537751,28.4237,-16.2998
100575947,41.6837,-1.0268
100589837,43.2998,-3.9954
25079084-RUTA2-20,39.5764,2.6542
25079756-RUTA2-20,48.2262,16.3823
25079755-RUTA2-20,51.2838,4.38
25081582-RUTA2-20,49.5384,8.4106
25081841-RUTA2-20,49.5384,8.4106
25082075-RUTA2-20,49.5384,8.4106
25081672-RUTA2-20,48.2262,16.3823
25083082-RUTA2-20,49.5384,8.4106
25083449-RUTA2-20,49.5384,8.4106
25083062-RUTA2-20,48.1443,11.7037
100588084,37.5766,-0.9214
12035C,42.2187,2.1706
100591987,41.6854,-1.1256
25079884-RUTA2-20,0.0,0.0
25085956-RUTA2-20,49.5384,8.4106
25087140-RUTA2-20,49.5384,8.4106
25087826-RUTA2-20,39.5764,2.6542
25087960-RUTA2-20,48.2262,16.3823
25089167-RUTA2-20,49.5384,8.4106
25089151-RUTA2-20,49.5384,8.4106
25088183-RUTA2-20,49.5384,8.4106
25088484-RUTA2-20,48.2262,16.3823
100587205,41.2325,0.3989
25092560-RUTA2-20,49.4764,8.4305
100530912,0.0,0.0
12455E14,38.1885,-5.0211
100540826,38.1885,-5.0182
100552846,0.0,0.0
100516276,43.1439,-2.9411
100590066,38.0347,-1.1798
100589551,36.4033,-6.1287
1441,41.1535,1.2126
2598255,40.4173,-3.7018
100581266,7.3697,12.3547
100533515,28.2916,-16.6291
100590658,42.2969,-7.8714
100587785,40.5308,-3.3484
200104311,41.1102,1.2447
100544897,41.6408,-0.984
100538017,28.4676,-16.2792
100001439,41.1384,1.2175
200100812,41.357,2.1684
100529833,42.7046,2.8536
100544676,40.7254,-3.1774
100568749,42.2316,-8.7424
200101211,39.9757,0.0166
100540361,40.1241,-8.5185
92344,41.7789,-2.4787
1849,51.8905,4.3398
100592489,38.7201,-27.0815
100500565,41.2993,2.021
100533180,37.4319,-3.6078
100589491,42.0107,2.8252
100524658,39.1719,-3.0103
100588257,43.3194,-8.2339
100591115,41.4576,-8.4949
100592598,38.5417,-8.835
100566384,39.0244,-7.2486
1415,28.1581,-15.4106
100591591,42.6745,-1.656
20153A,38.8261,-0.5549
92539ORI,42.8476,-1.6242
10113EB,41.1565,1.2092
100564047,38.8719,-1.8147
1803,41.1733,1.2251
100501099,43.9083,-0.907
25106643-RUTA2-20,49.4764,8.4305
100592113,40.3936,-8.7188
100592219,40.8126,0.5214
100555478,42.8917,-2.1656
100588365,44.9943,19.8326
100581266,37.5778,-0.9167
100566343,28.1088,-15.4592
100551898,37.5778,-0.9167
25096732-RUTA2-20,49.5384,8.4106
25108518-RUTA2-20,49.5384,8.4106
1225,38.0777,-3.0076
100515787,43.2722,-2.0551
100592612,37.846,-0.8048
1403,43.5719,-5.9284
100518584,42.7937,-8.1694
100559704,40.2738,-2.9683
10411_24PR,41.3962,2.152
10983,41.7872,1.098
100592445,38.5412,-0.1234
100560865,44.8516,-0.6758
100580215,41.7599,-2.5359
11480D,39.4557,-0.739
100517316,41.1076,1.2037
10493,41.6657,-0.808
100529725,39.3776,-6.3501
25119227-RUTA2-20,49.4764,8.4305
100553081,44.9197,-0.5433
1434067-RUTA2-20,39.5764,2.6542
100592169,40.0958,-8.3317
100580936,40.1499,-2.1374
11442,41.7266,2.5766
100528085,42.6855,-2.9651
10411DER,43.2119,-2.8733
100570885,41.015,-2.5763
100592101,36.6718,-4.5804
100590615,37.4787,-1.6385
100591678,36.6718,-4.5804
100578521,39.405,-3.0701
100593155,39.0053,-0.5643
100592747,40.0453,-3.6891
100515799,40.35,-3.5374
25126371-RUTA2-20,49.4764,8.4305
100591733,38.0347,-1.1893
100579387,41.4158,2.1346
100555373,38.0707,-3.5876
100526278,38.033,-1.1954
100579026,43.4379,4.9457
100592695,40.1217,-3.7836
25129396-RUTA2-20,49.4764,8.4305
100592974,38.8902,-4.0473
C38205,41.6105,0.6707
12347PF,41.1139,1.1826
1219,43.2809,-1.683
25131962-RUTA2-20,49.4764,8.4305
1873,36.1783,-5.3375
100578063,37.9414,-3.5291
100592770,41.3199,-8.3023
100581465,40.5372,-8.6383
100582062,42.0556,-3.8386
100591890,38.7949,-9.1956
100593436,41.5295,-5.5823
100516912,41.4787,2.0235
100582187,37.1339,-4.2068
100549396,37.2141,-3.7017
100546235,40.5808,-7.8013
100593228,40.7326,-4.4733
11073A,41.3243,2.0305
100519748,37.9316,-4.675
100593525,39.4029,-3.2221
100593028,41.9754,-5.6211
25139744-RUTA2-20,49.4764,8.4305
100579273,43.0919,-1.6061
100542805,40.0255,-8.389
100541825,44.1332,0.6604
100593015,42.9146,-8.0136
83902,45.0245,4.4933
100554116,38.8894,-9.1886
100518590,43.1459,-2.0714
100590818,37.576,-7.9771
100517228,40.8517,-8.3895
100519992,43.4074,-3.8642
100551401,43.4039,-2.9597
100592794,38.1902,-1.1041
100001219,43.2809,-1.683
100001457,39.3117,-0.4209
1457,39.3117,-0.4209
100589955,40.8478,-7.9701
100571933,41.1677,0.9745
100593503,39.8777,-4.0782
100569673,38.9054,-3.6669
100588204,39.9131,-2.1289
100542161,37.6014,-4.0968
100591135,41.9406,-0.7294
100582002,39.567,-0.6254
100593880,37.8211,-3.37
100522368,42.5421,-6.6728
100579001,41.6656,-3.7814
100593218,40.1499,-2.1374
100593720,37.846,-0.8048
100592495,39.9113,-4.8726
100532730,41.1922,1.2064
100593837,40.8931,14.3204
12165,42.4447,-2.1955
100591725,41.5371,-8.4359
100590721,40.344,-1.1158
25140118-RUTA2-20,49.5384,8.4106
25140637-RUTA2-20,49.5384,8.4106
25140939-RUTA2-20,49.5384,8.4106
25141704-RUTA2-20,39.5764,2.6542
25141703-RUTA2-20,39.5764,2.6542
25142478-RUTA2-20,49.5384,8.4106
25142477-RUTA2-20,49.5384,8.4106
25144020-RUTA2-20,0.0,0.0
25144416-RUTA2-20,49.5384,8.4106
25147426-RUTA2-20,51.2838,4.38
25147425-RUTA2-20,51.2838,4.38
25147424-RUTA2-20,51.2838,4.38
25147423-RUTA2-20,48.1443,11.7037
25147678-RUTA2-20,49.5384,8.4106
25151066-RUTA2-20,39.5764,2.6542
25151330-RUTA2-20,48.2262,16.3823
25152651-RUTA2-20,39.5764,2.6542
100591486,42.6241,-7.4847
100587875,43.423,-5.8138
100592745,37.7025,-1.7129
100515877,38.2784,-0.6482
88724,37.4618,-3.8846
100594080,39.6665,-0.2607
100593640,41.542,2.1275
100586127,38.3487,-0.5604
100560865,44.8535,-0.6935
100584582,43.2167,-2.8352
100592556,43.7325,-7.6734
25161582-RUTA2-20,49.4764,8.4305
100576191,41.7097,-1.1934
11639A,38.1868,-1.3264
12595TO,39.9749,-3.4157
100515837,43.292,-2.9387
100565063,46.4977,0.2096
100591706,42.6689,-5.6319
100593024,40.4705,0.4738
100501094,43.6654,-1.289
100522230,38.2053,-1.0443
100587703,42.3421,-2.0844
100579305,43.2001,-2.0607
100592920,37.5705,-0.9258
1412,41.1535,1.2126
100594201,41.5253,2.1459
25167361-RUTA2-20,49.4764,8.4305
11275,41.5616,2.2577
100586831,39.1778,-8.6181
100527212,38.9748,-5.8
100593900,43.1025,-7.6136
100587540,42.6584,-8.7034
12838,41.4738,2.0956
100549397,42.8833,-8.5333
100592860,41.7513,-2.5442
100591502,40.3319,-3.4645
100594077,41.3432,2.1463
